,000300.SH,HSI.HI,SPX.GI,AU9999.SGE,中债综合全价总值指数
2016-01-04,3469.0662,17894.7333072,13088.730512000002,224.77,119.1701
2016-01-05,3478.7797,17815.475776,13142.697399,226.65,119.0748
2016-01-06,3539.8082,17679.0599303,12999.184163999998,228.09,119.1224
2016-01-07,3294.3839,17218.272312,12755.608614,233.24,119.2299
2016-01-08,3361.5632,17312.2246811,12615.436108,233.54,119.338
2016-01-11,3192.4499,16813.7379,12624.276742,234.89,119.4152
2016-01-12,3215.7099,16669.8411968,12723.169103999999,232.51,119.6002
2016-01-13,3155.8787,16861.3202016,12405.90764,229.27,119.836
2016-01-14,3221.5714,16754.6292845,12610.345343999998,231.41,119.785
2016-01-15,3118.7301,16476.3107108,12341.922020999998,230.5,119.7776
2016-01-18,3130.7289,16179.2725735,12333.08447,231.7,119.6981
2016-01-19,3223.1251,16507.432750800002,12340.772268,231.3,119.609
2016-01-20,3174.3781,15838.995494999997,12193.114273999998,232.3,119.4985
2016-01-21,3081.3454,15560.201437000002,12257.770915000001,234.17,119.4974
2016-01-22,3113.4626,16020.759416399998,12503.92468,232.5,119.5708
2016-01-25,3128.886,16260.802909200002,12305.573356,233.69,119.3748
2016-01-26,2940.5085,15857.406207999999,12477.913924,237.0,119.3171
2016-01-27,2930.3519,16029.016709500002,12339.536235000001,237.09,119.141
2016-01-28,2853.7562,16145.036738100001,12406.809408,236.79,119.1178
2016-01-29,2946.0902,16551.7240301,12711.676383999999,236.48,119.2462
2016-02-01,2901.0477,16500.58673,12710.502582,238.09,119.3102
2016-02-02,2961.3337,16378.3231164,12466.749530000001,238.5,119.2062
2016-02-03,2948.6386,15954.265011300002,12531.087813,238.5,119.1266
2016-02-04,2984.7598,16109.7671511,12530.682355000003,241.8,119.209
2016-02-05,2963.7894,16180.845812999998,12279.358569999999,243.94,119.2149
2016-02-15,2946.7066,15817.835216799998,12143.074403999999,253.7,119.422
2016-02-16,3037.0353,16000.400440000001,12345.91254,251.39,119.3662
2016-02-17,3063.3199,15843.8392497,12569.995633999999,254.0,119.3603
2016-02-18,3053.6985,16203.025344000003,12495.046016,253.05,119.3753
2016-02-19,3051.585,16162.02042,12501.240708,256.65,119.4376
2016-02-22,3118.8675,16322.975155799999,12677.85075,254.86,119.4198
2016-02-23,3089.3632,16311.327416999999,12540.705671,256.15,119.4314
2016-02-24,3109.5454,16132.5976965,12601.979959999999,256.98,119.4178
2016-02-25,2918.7501,15883.3609875,12748.11406,260.32,119.353
2016-02-26,2948.0306,16285.637433000002,12728.16909,260.41,119.3438
2016-02-29,2877.4666,16089.5693898,12646.831795999999,258.86,119.3037
2016-03-01,2930.6937,16324.3909044,12935.441475,261.12,119.3459
2016-03-02,3051.3327,16851.140010900002,13009.26105,258.66,119.3446
2016-03-03,3058.4219,16782.1875456,13039.22808,261.47,119.3084
2016-03-04,3093.8895,16954.279243,13056.734716,264.74,119.3468
2016-03-07,3104.8397,16905.5379976,13034.059888,265.0,119.2768
2016-03-08,3107.6727,16760.098481600002,12873.304965999998,266.29,119.2581
2016-03-09,3071.907,16762.264870199997,12951.276155999998,263.75,119.3675
2016-03-10,3013.1457,16761.132898199998,12957.472538999999,261.43,119.4555
2016-03-11,3018.2844,16887.269591999997,13125.024195,264.97,119.4928
2016-03-14,3065.6904,17093.9575566,13110.089132000001,262.08,119.4933
2016-03-15,3074.7796,17016.5971744,13119.470846999999,257.69,119.529
2016-03-16,3090.0328,17013.429345,13211.798184,259.09,119.6282
2016-03-17,3124.2039,17169.0703416,13255.876699,263.86,119.6799
2016-03-18,3171.963,17225.669278999998,13246.025623999998,262.46,119.6842
2016-03-21,3249.4372,17290.708350999997,13299.29184,259.71,119.6634
2016-03-22,3225.7903,17317.2898275,13317.755580000003,262.1,119.6405
2016-03-23,3236.0924,17264.8428204,13225.580056,258.25,119.6805
2016-03-24,3181.8507,17083.8018048,13264.1491,255.0,119.6967
2016-03-25,3197.8169,17100.6886611,13279.011462,256.05,119.7193
2016-03-28,3169.7283,17106.792344100002,13288.08456,255.78,119.6207
2016-03-29,3135.4098,17080.197494999997,13369.895060000003,255.02,119.5947
2016-03-30,3216.2753,17392.050107799998,13382.858194999999,258.68,119.6336
2016-03-31,3218.0879,17312.185275,13308.392087999999,255.7,119.6566
2016-04-01,3221.8948,17071.500576,13387.049630000001,257.0,119.6825
2016-04-05,3264.4858,16824.79322,13224.682771000002,255.45,119.667
2016-04-06,3257.5276,16870.1446496,13382.450163999998,255.99,119.6454
2016-04-07,3209.2902,16909.181478000002,13212.587037000003,255.64,119.5807
2016-04-08,3185.7258,16993.802496000004,13254.72908,257.3,119.5179
2016-04-11,3230.0957,17033.7357892,13201.261151,260.97,119.4686
2016-04-12,3218.4497,17084.299408,13322.009951999999,261.3,119.4029
2016-04-13,3261.3831,17623.3011461,13450.559022,259.8,119.2145
2016-04-14,3275.8321,17849.2914431,13515.367698,257.99,119.0738
2016-04-15,3272.2053,17837.622096000003,13505.602284,256.95,119.0939
2016-04-18,3228.4531,17678.528715,13568.600558,258.28,119.1104
2016-04-19,3238.3029,17883.8012788,13592.176000000001,259.9,119.0713
2016-04-20,3181.0264,17683.2629739,13577.08896,260.0,118.8894
2016-04-21,3160.6033,18065.389875,13553.417844,262.74,118.7507
2016-04-22,3174.9012,17958.0376416,13573.935883999999,260.44,118.5722
2016-04-25,3162.0331,17885.716513199997,13595.68848,259.06,118.2093
2016-04-26,3179.1605,17906.9672823,13571.36794,258.4,118.2595
2016-04-27,3165.9156,17858.297599999998,13584.324055000001,260.67,118.3522
2016-04-28,3160.5809,17910.1224417,13483.216274,261.5,118.4185
2016-04-29,3156.7451,17539.7938185,13339.56617,266.32,118.4158
2016-05-03,3213.5397,17205.281774,13322.148405,270.69,118.5229
2016-05-04,3209.4614,17174.3724776,13320.588615999997,268.35,118.5177
2016-05-05,3213.9199,17158.421470999998,13355.343063999999,267.6,118.5258
2016-05-06,3130.3544,16894.502885699996,13412.964227999999,268.23,118.5357
2016-05-09,3065.6154,16911.3620219,13403.101245,268.1,118.6761
2016-05-10,3069.1124,17009.114296800002,13597.101287000001,266.0,118.7501
2016-05-11,3082.8086,16850.6552109,13462.137214,267.03,118.7824
2016-05-12,3090.1372,16670.833256799997,13408.252149000002,266.4,118.8558
2016-05-13,3074.9351,16578.401488800002,13353.311606,267.49,118.878
2016-05-16,3095.3085,16733.7358015,13504.176437999997,269.35,118.8192
2016-05-17,3086.0249,16897.981308,13347.8092,267.89,118.7984
2016-05-18,3068.0358,16656.7618333,13353.823808,267.93,118.7101
2016-05-19,3062.5002,16616.5001076,13368.586124,264.5,118.6604
2016-05-20,3078.2183,16744.735134,13444.74832,264.51,118.6526
2016-05-23,3087.2225,16693.069581,13405.445819999999,264.11,118.6341
2016-05-24,3063.5556,16715.267751299998,13591.549607999998,262.45,118.6619
2016-05-25,3059.2259,17226.6856485,13733.384421999997,258.45,118.6816
2016-05-26,3064.2111,17221.6879152,13701.023519999999,259.85,118.6699
2016-05-27,3062.4993,17352.5959087,13746.743939999998,258.03,118.6472
2016-05-30,3066.7095,17473.09333,13808.456304,255.3,118.6111
2016-05-31,3169.5598,17627.2589665,13795.89984,256.9,118.6097
2016-06-01,3160.547,17603.0273322,13832.275436999998,258.3,118.5926
2016-06-02,3167.0997,17635.427549,13829.031888000001,257.98,118.5674
2016-06-03,3189.3255,17737.7038872,13810.806009,257.4,118.5591
2016-06-06,3178.7883,17731.8402952,13816.002677,262.49,118.6142
2016-06-07,3177.0536,18017.244022400002,13859.374634,262.9,118.603
2016-06-08,3163.9864,17987.7634904,13899.943815999997,265.1,118.5857
2016-06-13,3066.3413,17388.2462333,13681.25433,271.75,118.5441
2016-06-14,3075.9834,17278.6355503,13653.737812,271.5,118.6326
2016-06-15,3116.3682,17404.760307200002,13672.10715,272.78,118.6773
2016-06-16,3094.6748,16975.547503,13660.498461,277.66,118.7252
2016-06-17,3110.3572,17103.9413402,13627.591989999999,272.7,118.7555
2016-06-20,3112.6744,17367.832258000002,13688.6191,272.0,118.7455
2016-06-21,3106.3175,17486.740346399998,13714.88184,271.64,118.7372
2016-06-22,3133.9611,17671.900927199997,13750.414575,268.56,118.7989
2016-06-23,3117.3168,17662.128242400002,13875.636456000002,268.9,118.8048
2016-06-24,3077.1554,17177.918918299998,13401.268016000002,281.44,118.8713
2016-06-27,3120.5443,17298.791506,13278.58425,282.84,118.9997
2016-06-28,3136.4013,17295.0603056,13545.699552,281.67,119.0096
2016-06-29,3151.3898,17469.2040984,13734.174948000002,283.0,118.9856
2016-06-30,3153.921,17772.3242079,13917.960432,281.5,119.0392
2016-07-01,3154.2003,17820.77509,13983.776319999999,285.89,119.1465
2016-07-04,3204.6962,18043.943744,13978.72924,289.87,119.1694
2016-07-05,3207.3827,17811.5880192,13908.489870000003,288.68,119.1559
2016-07-06,3216.8035,17660.5864401,14038.164861000001,293.82,119.2032
2016-07-07,3209.9542,17835.077265199998,14018.167800000001,294.25,119.315
2016-07-08,3192.2804,17720.145289,14239.02047,291.63,119.3516
2016-07-11,3203.3298,17990.847605,14285.418587999999,293.0,119.3414
2016-07-12,3273.1823,18315.889383,14408.577299999999,292.4,119.3168
2016-07-13,3282.8681,18384.147414,14397.819512999999,289.42,119.274
2016-07-14,3276.7637,18581.7527292,14463.80325,287.4,119.2815
2016-07-15,3276.2775,18660.743430000002,14441.504069999997,287.04,119.3038
2016-07-18,3262.0222,18827.700025399998,14509.712129,286.29,119.3161
2016-07-19,3248.2341,18716.97552,14491.051038000003,287.02,119.3657
2016-07-20,3237.6051,18888.7379112,14547.499692000001,285.85,119.4959
2016-07-21,3252.5227,18969.262487800002,14478.924824000002,283.34,119.6405
2016-07-22,3225.1621,18880.266849300002,14500.707507000003,285.0,119.6276
2016-07-25,3230.885,18956.805739199997,14498.45728,283.27,119.577
2016-07-26,3269.5882,19051.0419624,14485.350203999998,283.97,119.6051
2016-07-27,3218.243,19097.6662848,14444.805518000001,283.63,119.6441
2016-07-28,3221.1365,19038.888324,14451.948581999999,287.71,119.684
2016-07-29,3203.9304,18772.068688699997,14456.830960000001,285.83,119.7451
2016-08-01,3176.8091,18905.366884799998,14387.676268000001,288.17,119.7766
2016-08-02,3189.0529,18948.9612906,14333.680053000002,290.1,119.8097
2016-08-03,3193.5073,18543.46936,14323.207905000001,291.9,119.8454
2016-08-04,3201.2888,18696.030160500002,14380.142700000002,289.05,119.8797
2016-08-05,3205.1101,18961.0393362,14495.566521999997,292.12,119.9441
2016-08-08,3234.1833,19322.323997199997,14527.998735,286.42,120.0115
2016-08-09,3256.9813,19287.1754972,14529.079356,289.0,120.1297
2016-08-10,3243.3409,19291.757210999996,14473.534969999997,289.59,120.2283
2016-08-11,3233.3604,19287.854199,14481.951645,287.84,120.2521
2016-08-12,3294.2337,19532.415096300003,14533.323914999999,286.8,120.345
2016-08-15,3393.4239,19642.3827903,14549.16645,287.35,120.466
2016-08-16,3378.2451,19585.331574,14442.223575,287.98,120.4462
2016-08-17,3373.0476,19421.992593,14414.872431999996,286.79,120.4001
2016-08-18,3364.4851,19676.743694,14494.037646,288.87,120.3753
2016-08-19,3365.0197,19587.9271356,14459.621657,288.2,120.3115
2016-08-22,3336.7949,19769.4633942,14547.732127999998,286.35,120.2936
2016-08-23,3341.8298,19751.0211054,14561.69234,286.82,120.1855
2016-08-24,3329.8631,19549.6493948,14449.272480000001,286.7,120.1065
2016-08-25,3308.9721,19596.901302500002,14469.084693999997,284.89,120.1068
2016-08-26,3307.0902,19641.7232144,14421.513152,284.89,120.1408
2016-08-29,3307.7812,19669.9411594,14577.148527999998,283.5,120.0828
2016-08-30,3311.9872,19827.4581206,14539.092944,283.99,119.9651
2016-08-31,3327.7938,19817.559,14525.392259999999,283.19,119.9947
2016-09-01,3301.5767,19942.079869799996,14497.871424,281.49,119.9898
2016-09-02,3314.1142,20013.782673,14546.352546,282.46,119.9984
2016-09-05,3319.6803,20391.8244875,14578.180254,285.33,119.9962
2016-09-06,3342.6259,20452.647264,14578.574048,286.3,119.9761
2016-09-07,3340.8172,20375.9335963,14549.987879999999,289.37,119.9536
2016-09-08,3339.564,20546.4738666,14531.820600000003,289.2,119.9876
2016-09-09,3318.044,20716.825111,14189.088204,287.7,120.0243
2016-09-12,3262.6043,20089.539935999997,14445.704832000001,286.39,119.9424
2016-09-13,3260.333,19967.875176,14192.753652,286.15,119.9774
2016-09-14,3238.7299,19995.6655272,14220.338415000002,284.95,120.0149
2016-09-19,3263.1242,20272.933873500002,14286.326832,283.8,119.9859
2016-09-20,3257.4034,20199.8314584,14249.731720000002,283.5,119.9992
2016-09-21,3266.6363,20364.398465,14436.230255999999,284.4,119.9942
2016-09-22,3291.1211,20377.830068000003,14481.077334,286.85,120.02
2016-09-23,3275.6665,20361.3719376,14431.988230000003,286.8,120.0792
2016-09-26,3220.2838,20065.7696976,14323.92984,287.12,120.0949
2016-09-27,3240.7546,20256.276546,14395.069478,287.49,120.0931
2016-09-28,3230.8904,20309.8284455,14478.912296999997,284.91,120.0912
2016-09-29,3244.3874,20421.4042781,14348.037100000001,284.54,120.0996
2016-09-30,3253.2848,20058.1472355,14479.273405999998,284.95,120.128
2016-10-10,3293.8689,20601.293970400002,14498.252928,273.32,120.3808
2016-10-11,3306.5573,20366.3313816,14337.030954000002,273.35,120.3793
2016-10-12,3300.0099,20291.103504,14387.696844,272.65,120.3451
2016-10-13,3302.6455,19978.961810999997,14351.208480000003,273.21,120.358
2016-10-14,3305.8481,20113.773466299997,14324.453786000002,272.8,120.4222
2016-10-17,3277.8787,20007.4123638,14328.144349999999,273.06,120.4046
2016-10-18,3321.3324,20294.3993811,14400.149879999999,274.97,120.4215
2016-10-19,3316.2407,20221.9555187,14436.646853999999,274.61,120.4908
2016-10-20,3318.6044,20280.330672,14413.573674000003,276.0,120.5606
2016-10-21,3327.74,20353.726287999998,14465.248728,275.54,120.62
2016-10-24,3367.5778,20595.267922400002,14562.35277,276.89,120.5417
2016-10-25,3367.4547,20579.410563,14518.623104,277.31,120.5187
2016-10-26,3354.8003,20360.5345927,14485.010814999998,278.77,120.3741
2016-10-27,3345.695,20200.555961,14448.359744,277.68,120.3354
2016-10-28,3340.1262,20086.8360386,14429.392978,277.55,120.3276
2016-10-31,3336.2778,20004.652515,14381.491215,278.93,120.2937
2016-11-01,3359.0515,20217.3453501,14303.524248,280.11,120.2527
2016-11-02,3333.3524,19870.910864999998,14174.102228,282.57,120.2557
2016-11-03,3365.085,19741.0050828,14096.575205999998,283.73,120.2939
2016-11-04,3354.1749,19711.7592672,14077.884252,282.94,120.2764
2016-11-07,3356.5916,19909.726452,14435.7192,281.38,120.1971
2016-11-08,3371.1177,20032.7278521,14509.854051999999,280.7,120.1466
2016-11-09,3353.0547,19606.566693,14673.825232000003,288.38,120.1405
2016-11-10,3390.6119,19992.2149385,14713.93798,282.6,120.062
2016-11-11,3417.2211,19787.028548899998,14743.151174999997,278.47,119.9656
2016-11-14,3430.2482,19559.998044,14779.538219999999,271.99,119.8111
2016-11-15,3429.8697,19711.342812699997,14934.581305000002,273.69,119.6998
2016-11-16,3429.5921,19701.7814578,14932.066847999999,273.26,119.6386
2016-11-17,3436.535,19713.78024,15023.764703999997,273.45,119.4948
2016-11-18,3417.4554,19816.6329648,15010.599240000001,270.7,119.4566
2016-11-21,3441.1106,19883.2209096,15164.14473,272.8,119.4289
2016-11-22,3468.3637,20110.912476,15151.601025999998,272.41,119.4414
2016-11-23,3474.7289,20146.6516967,15191.402687999998,273.0,119.477
2016-11-24,3488.7402,20137.382043,15231.30812,270.4,119.4756
2016-11-25,3521.2984,20264.5454755,15309.299279999997,269.36,119.4098
2016-11-28,3535.0807,20322.6318855,15201.115223999997,270.59,119.4167
2016-11-29,3564.0404,20195.5203154,15187.682273999999,268.69,119.1882
2016-11-30,3538.001,20235.948373799998,15142.105065,267.91,118.9402
2016-12-01,3565.036,20341.034293,15109.249464,265.54,118.6165
2016-12-02,3528.9547,20015.2209882,15079.30083,265.34,118.5226
2016-12-05,3469.4073,19984.7033445,15183.837770000002,265.0,118.4359
2016-12-06,3459.1533,20050.5013875,15170.367225,264.69,118.0099
2016-12-07,3475.7473,20229.432242399995,15422.28108,265.45,118.0405
2016-12-08,3470.1426,20258.3336608,15438.288488999999,268.49,118.1089
2016-12-09,3493.7004,20239.746245399998,15584.430316000004,266.49,118.0818
2016-12-12,3409.1794,19972.566366400002,15592.433856,265.0,117.766
2016-12-13,3405.0355,19944.117417,15659.874648,265.34,117.5024
2016-12-14,3378.9453,19983.9215718,15553.941184000001,265.93,117.2818
2016-12-15,3340.4338,19702.35311,15673.379667000001,263.0,116.4643
2016-12-16,3346.0305,19725.5272275,15695.392956000002,262.11,116.4714
2016-12-19,3328.9827,19486.9768608,15682.047936000003,262.76,116.1871
2016-12-20,3309.0641,19434.6885546,15774.515568,262.06,115.9682
2016-12-21,3338.536,19514.754746000002,15740.509301999999,260.97,116.1896
2016-12-22,3335.672,19358.124502000002,15698.975760000001,260.0,116.4702
2016-12-23,3307.5991,19308.331462,15724.964477,260.07,116.7271
2016-12-26,3322.4006,19311.999171199997,15724.058960999999,261.4,116.8417
2016-12-27,3316.3852,19311.999171199997,15760.094256,261.67,116.8835
2016-12-28,3301.8887,19483.545144000003,15635.819040000002,261.91,116.9287
2016-12-29,3297.7648,19520.9509053,15631.682222000001,262.99,117.1845
2016-12-30,3310.0808,19679.7209256,15530.76371,263.9,117.3365
2017-01-03,3342.2272,19843.657344,15691.466933999998,263.65,117.3011
2017-01-04,3368.3117,19840.896218600003,15787.616450000001,264.87,117.222
2017-01-05,3367.7892,20070.6666875,15725.758300000001,264.73,117.1351
2017-01-06,3347.6665,19926.8654152,15635.566264,265.29,117.1255
2017-01-09,3363.9014,20146.7148652,15714.85518,265.89,117.224
2017-01-10,3358.2716,20303.872698,15708.502260000001,268.11,117.3036
2017-01-11,3334.4954,20476.68048,15753.178020000003,269.09,117.2325
2017-01-12,3317.6241,20354.125941800005,15698.049203999999,269.33,117.2724
2017-01-13,3319.9122,20382.155867999998,15674.316776,268.79,117.2903
2017-01-16,3319.4455,20176.443378000004,15666.355536000001,270.5,117.1995
2017-01-17,3326.3563,20319.5553217,15646.626687999998,272.18,117.0264
2017-01-18,3339.3653,20408.698605599995,15568.126225,271.03,116.9641
2017-01-19,3329.2891,20376.6256392,15521.669592,268.03,116.911
2017-01-20,3354.8891,20265.931023200003,15602.309782999997,269.05,116.9868
2017-01-23,3364.0808,20240.230813200003,15532.92944,270.28,117.0189
2017-01-24,3364.4509,20217.2201698,15579.946316999998,269.85,116.9164
2017-01-25,3375.9042,20382.336816000003,15765.898852,268.07,116.6964
2017-01-26,3387.9606,20666.2724055,15752.468783999999,266.25,116.6725
2017-02-03,3364.4923,20435.582203399998,15750.192551999999,269.3,116.4214
2017-02-06,3373.2051,20647.549079200002,15728.337135999998,271.79,116.1475
2017-02-07,3365.6849,20633.0406138,15731.446031999998,274.16,115.9593
2017-02-08,3383.2878,20840.2346594,15798.573483,274.35,115.9748
2017-02-09,3396.2924,20831.9819728,15857.37477,276.31,116.1241
2017-02-10,3413.4868,20912.657508599998,15939.168590000001,272.83,116.1201
2017-02-13,3436.275,21056.772898799998,16041.17685,274.64,116.1796
2017-02-14,3435.8042,21017.458967,16083.952947999998,274.06,116.1923
2017-02-15,3421.7131,21223.9424124,16123.372600000002,273.4,116.1926
2017-02-16,3440.9331,21318.680186999998,16108.736137999998,274.93,116.2598
2017-02-17,3421.4419,21202.565428,16095.100895999998,275.75,116.3387
2017-02-20,3471.3926,21386.907438399998,16162.579187999998,275.5,116.4361
2017-02-21,3482.823,21240.163450500004,16271.44902,275.55,116.384
2017-02-22,3489.7567,21463.7502456,16263.29006,275.6,116.3627
2017-02-23,3473.3236,21345.268329,16238.192795,276.2,116.4002
2017-02-24,3473.8517,21204.85136,16252.97277,279.63,116.3967
2017-02-27,3446.2228,21213.863334,16307.19765,280.6,116.3695
2017-02-28,3452.8103,21029.538634,16250.025,281.83,116.3212
2017-03-01,3458.4376,21072.865322100002,16483.725608,278.0,116.2465
2017-03-02,3435.0963,21032.0866866,16389.753328000003,278.35,116.2022
2017-03-03,3427.8628,20904.9232176,16418.743552,276.23,116.1567
2017-03-06,3446.484,20906.7760056,16339.757489999998,276.54,116.1006
2017-03-07,3453.9565,21031.8686991,16331.706923,275.37,116.0606
2017-03-08,3448.7313,21144.3406116,16312.123536000003,273.79,115.9666
2017-03-09,3426.9438,20916.623415600003,16347.163874999998,272.22,115.8974
2017-03-10,3427.8916,20978.708853699998,16400.12298,270.41,115.8482
2017-03-13,3458.098,21173.1383884,16374.094835999998,272.9,115.7802
2017-03-14,3456.6934,21209.258295,16349.517309999997,271.3,115.7841
2017-03-15,3463.6436,21168.022788,16485.72449,271.51,115.8105
2017-03-16,3481.5066,21535.9321104,16398.658956,275.89,115.932
2017-03-17,3445.8051,21571.9025841,16379.721225,275.62,115.8921
2017-03-20,3449.6126,21778.1037717,16376.468305999999,277.07,115.8246
2017-03-21,3466.3468,21873.3668592,16190.380542,275.75,115.7068
2017-03-22,3450.0502,21573.1764864,16178.237204999998,278.2,115.709
2017-03-23,3461.9782,21566.506050000004,16153.342175999998,278.21,115.6971
2017-03-24,3489.5997,21589.2218664,16137.13031,277.88,115.8419
2017-03-27,3478.0385,21400.779272,16086.957459000001,280.53,115.8851
2017-03-28,3469.8093,21557.7809676,16222.716174000003,280.23,115.9184
2017-03-29,3465.1933,21640.138919,16271.727395,279.74,115.8863
2017-03-30,3436.758,21547.2904812,16313.328533999998,279.6,115.8794
2017-03-31,3456.0455,21406.0284861,16301.114095999998,277.81,115.8862
2017-04-05,3503.8932,21636.433368,16213.237269999996,280.63,115.8869
2017-04-06,3514.0469,21536.1298584,16250.178569999998,280.21,115.8756
2017-04-07,3517.4634,21534.80202,16241.212746,282.93,115.9009
2017-04-10,3505.1392,21561.799366000003,16274.304071999997,281.39,115.8734
2017-04-11,3517.328,21377.0629424,16230.960746000002,281.84,115.8436
2017-04-12,3509.4387,21570.207795000002,16165.947419999999,284.41,115.8209
2017-04-13,3514.5662,21432.5078274,15988.474644999998,286.69,115.7887
2017-04-14,3486.5045,21453.372854999998,16009.202299999997,286.6,115.6612
2017-04-17,3479.9417,21467.929851,16157.665285000001,286.9,115.4177
2017-04-18,3462.7429,21191.400550399998,16125.743931,286.13,115.3126
2017-04-19,3445.8761,21044.4467688,16054.810488,285.75,115.2926
2017-04-20,3461.5481,21287.059322800003,16206.294528,285.49,115.1914
2017-04-21,3466.7865,21281.5152636,16164.389187,285.36,115.0421
2017-04-24,3431.2587,21319.0231568,16304.000295000002,283.57,114.7978
2017-04-25,3440.9743,21638.126593199995,16441.519213,283.3,114.8206
2017-04-26,3445.1832,21746.2575111,16436.399524999997,282.05,114.8231
2017-04-27,3446.7202,21869.5161008,16457.669792,282.59,114.8634
2017-04-28,3439.753,21805.066759200003,16434.529019999998,283.45,114.8228
2017-05-02,3426.5766,21893.860128900003,16488.551851999997,280.94,114.7586
2017-05-03,3413.1282,21865.459579399998,16452.305196,280.37,114.6338
2017-05-04,3404.3864,21875.1012948,16477.413064,276.19,114.4928
2017-05-05,3382.5502,21663.2830945,16527.269236,275.87,114.4644
2017-05-08,3358.8125,21771.604236199997,16543.005286,275.5,114.318
2017-05-09,3352.5324,22071.840694299997,16547.616604,275.2,114.1753
2017-05-10,3337.7007,22195.1815492,16573.284558,273.89,113.9701
2017-05-11,3356.6459,22280.332717999998,16533.847644,274.26,114.0231
2017-05-12,3385.3787,22265.1218438,16484.77732,275.51,113.9447
2017-05-15,3399.1937,22412.7551742,16540.453664,276.29,113.9682
2017-05-16,3428.6491,22378.982442599998,16514.20893,276.7,113.9222
2017-05-17,3409.9656,22290.5173101,16177.475405000001,277.61,113.8439
2017-05-18,3398.1127,22152.815076,16231.678064,279.82,113.8685
2017-05-19,3403.8492,22249.298357300002,16382.967978,279.26,113.8152
2017-05-22,3411.2387,22401.2558016,16440.453546,280.0,113.7269
2017-05-23,3424.194,22403.037985000003,16467.791562000002,281.4,113.7125
2017-05-24,3424.1669,22451.076935,16532.104762000003,278.5,113.7185
2017-05-25,3485.6581,22607.1168834,16590.323365000004,279.75,113.7575
2017-05-26,3480.4345,22606.400751700003,16596.200236000004,280.35,113.7417
2017-05-31,3492.8845,22600.617487500003,16552.906940000004,279.0,113.8438
2017-06-01,3497.7382,22554.935450200002,16546.27854,278.99,113.8525
2017-06-02,3486.5074,22648.546282499996,16602.749490000002,278.16,113.8579
2017-06-05,3468.7538,22554.5963192,16549.64535,281.87,113.9208
2017-06-06,3492.8816,22663.786709199998,16503.410422,283.2,113.9202
2017-06-07,3533.8718,22612.8439544,16510.801412,283.75,113.9164
2017-06-08,3560.9786,22711.871745200002,16532.73547,282.7,113.9313
2017-06-09,3576.1703,22691.1243988,16528.983867,279.72,114.0055
2017-06-12,3574.3894,22404.55686,16507.219172,278.85,114.1946
2017-06-13,3582.2674,22524.676208999997,16583.15439,278.35,114.283
2017-06-14,3535.2987,22542.825321,16562.984688,279.3,114.3746
2017-06-15,3528.7926,22244.402334000002,16504.727592,277.47,114.4396
2017-06-16,3518.7611,22333.7422999,16544.203425,276.9,114.4056
2017-06-19,3553.6653,22592.726833999997,16676.658312,276.25,114.622
2017-06-20,3546.494,22564.850376,16595.199488000002,276.01,114.7213
2017-06-21,3587.955,22462.7157276,16609.155273,275.79,114.6876
2017-06-22,3590.3425,22447.241579,16602.55965,277.47,114.6207
2017-06-23,3622.8831,22460.266947999997,16638.471540000002,277.78,114.6491
2017-06-26,3668.0919,22630.659620799997,16639.33554,277.9,114.7623
2017-06-27,3674.7152,22626.7872435,16522.429895999998,276.56,114.8857
2017-06-28,3646.1666,22407.31274,16609.627657,275.94,114.9096
2017-06-29,3668.8279,22606.792922999997,16439.441799999997,275.03,114.9249
2017-06-30,3666.7977,22361.594273600003,16417.148704000003,273.1,114.8685
2017-07-03,3650.8463,22384.011502100002,16461.886572000003,271.84,114.8252
2017-07-04,3619.9841,22061.5263494,16490.305989,270.38,114.812
2017-07-05,3659.6795,22202.5825818,16522.298188,270.02,114.8717
2017-07-06,3660.0967,22165.946096800002,16374.974175,270.12,114.9483
2017-07-07,3655.9293,22033.615666499998,16470.367452,269.8,114.9422
2017-07-10,3653.6868,22186.8372042,16497.785251999998,265.77,114.918
2017-07-11,3670.8086,22517.169669599996,16489.480599000002,267.55,114.9263
2017-07-12,3658.8236,22625.151813599998,16581.8491,268.9,114.9389
2017-07-13,3686.9205,22873.744794,16596.776965999998,269.1,114.9842
2017-07-14,3703.094,22902.421040100002,16667.456498,267.79,115.0069
2017-07-17,3663.5575,22912.139930600002,16614.441668,270.3,115.0452
2017-07-18,3667.1807,22982.0037642,16636.430271,270.85,114.968
2017-07-19,3729.7466,23051.147558400004,16686.230733,271.35,114.992
2017-07-20,3747.8843,23105.145852600002,16686.883079999996,271.29,115.0195
2017-07-21,3728.5976,23051.895705299998,16668.628409999998,273.19,114.9957
2017-07-24,3743.4686,23175.794465799998,16649.66331,273.8,114.9892
2017-07-25,3719.559,23211.449061,16716.911805,273.84,114.9674
2017-07-26,3705.3884,23298.3246858,16732.538206999998,272.3,114.9195
2017-07-27,3712.1947,23384.084111299995,16661.309394000004,274.6,114.9197
2017-07-28,3721.8914,23277.547898099998,16655.27933,274.29,114.9135
2017-07-31,3737.8732,23541.803304200002,16620.919490000004,275.1,114.8909
2017-08-01,3770.3828,23677.437340200002,16628.19498,275.3,114.8548
2017-08-02,3760.8525,23745.107538000004,16650.509185,274.8,114.8711
2017-08-03,3727.8264,23672.538948499998,16615.634576,273.4,114.8772
2017-08-04,3707.5796,23667.7976892,16627.455156,275.26,114.903
2017-08-07,3726.7948,23808.7253352,16678.661748,273.37,114.8213
2017-08-08,3732.2129,23927.367690000003,16627.502528,273.02,114.7891
2017-08-09,3731.044,23793.377548,16594.489149999998,274.14,114.7715
2017-08-10,3715.9208,23448.153599999998,16279.928170000001,275.29,114.8028
2017-08-11,3647.3503,22914.428583599998,16269.444743999999,276.72,114.8536
2017-08-14,3694.6831,23212.018416299998,16422.740984,276.6,114.8987
2017-08-15,3706.0566,23171.273143199996,16436.237629,274.7,114.9161
2017-08-16,3701.4207,23395.8339706,16481.791769,274.5,114.8888
2017-08-17,3721.277,23322.4321224,16210.353709000003,277.0,114.8566
2017-08-18,3724.6748,23075.6343455,16189.090920000002,278.5,114.8305
2017-08-21,3740.9941,23156.15337,16199.413433,277.51,114.7471
2017-08-22,3752.298,23323.4794539,16332.980847,276.67,114.6984
2017-08-23,3756.0884,23329.507821299998,16285.371732000001,277.0,114.674
2017-08-24,3734.6458,23394.662603999997,16225.247924999998,277.08,114.6106
2017-08-25,3795.7544,23696.5563072,16265.582595,276.8,114.5591
2017-08-28,3842.7119,23634.4784767,16218.265671999998,278.21,114.4944
2017-08-29,3834.5376,23526.6812235,16217.25659,281.17,114.4953
2017-08-30,3834.3005,23732.640851400003,16245.161418000002,278.0,114.4761
2017-08-31,3822.0928,23595.185674,16315.36165,277.91,114.4911
2017-09-01,3830.5383,23543.8285416,16322.693395000002,279.54,114.5063
2017-09-04,3845.6163,23279.626192,16263.00854,282.04,114.4794
2017-09-05,3857.0464,23175.12379,16066.965450000002,281.2,114.4343
2017-09-06,3849.4499,23046.720233599997,16102.688294000001,282.44,114.4445
2017-09-07,3829.8713,22957.693259599997,16089.46119,281.39,114.547
2017-09-08,3825.9895,23058.0728439,16007.171576,281.75,114.6305
2017-09-11,3825.6453,23253.6362366,16171.968567000002,281.49,114.5993
2017-09-12,3837.9341,23369.407908,16296.272495999998,279.85,114.596
2017-09-13,3842.6061,23343.7187296,16334.842734000002,280.67,114.579
2017-09-14,3829.9554,23274.793652,16337.57633,279.8,114.646
2017-09-15,3831.2965,23286.3539419,16357.254729,280.2,114.6497
2017-09-18,3843.1428,23564.095536000004,16380.067153000002,278.93,114.59
2017-09-19,3832.1161,23517.741115799996,16426.07745,278.65,114.5941
2017-09-20,3842.4353,23667.856032000003,16471.61208,278.89,114.5884
2017-09-21,3837.8176,23733.270515700002,16470.702019999997,276.45,114.5806
2017-09-22,3837.7304,23523.081966299997,16479.871142,277.3,114.6187
2017-09-25,3817.7915,23223.7621266,16464.22437,276.55,114.6596
2017-09-26,3820.7816,23265.8266463,16498.119984,280.1,114.6582
2017-09-27,3821.2,23420.601666100003,16594.599167999997,277.65,114.6429
2017-09-28,3822.5386,23278.196239999997,16637.93271,276.67,114.6612
2017-09-29,3836.5013,23411.786538,16720.740384000004,277.45,114.686
2017-10-09,3882.2076,24129.722425599997,16920.673188999997,276.3,114.747
2017-10-10,3889.8637,24191.848661300002,16903.856472,276.21,114.734
2017-10-11,3902.6868,23953.4157918,16823.955683999997,275.1,114.7455
2017-10-12,3912.9536,23993.808193,16787.160143999998,276.25,114.6956
2017-10-13,3921.0017,24024.1401695,16816.709522,276.5,114.6919
2017-10-16,3913.4462,24200.368304,16839.245995999998,278.05,114.566
2017-10-17,3913.0688,24213.507187500003,16861.831488,276.62,114.4614
2017-10-18,3944.1626,24267.179551999998,16902.010866,275.7,114.4715
2017-10-19,3931.2495,23833.853776,16933.68753,274.9,114.545
2017-10-20,3926.852,24135.81409,17020.077932,274.82,114.5458
2017-10-23,3930.7981,24018.954474000002,16981.45009,274.08,114.5068
2017-10-24,3959.3953,23920.7440617,17025.110684,275.01,114.4749
2017-10-25,3976.949,24060.0037601,16959.53023,273.89,114.3635
2017-10-26,3993.5752,23958.203833800002,16972.379520000002,274.5,114.3563
2017-10-27,4021.9676,24227.056314999998,17157.146611000004,272.93,114.2318
2017-10-30,4009.7218,24142.1505181,17105.974821,272.92,113.9313
2017-10-31,4006.7179,24044.863291200003,17098.953822000003,273.94,113.9513
2017-11-01,3996.6221,24300.661891,17101.1568,273.45,114.0439
2017-11-02,3997.1343,24198.3512264,17077.57506,273.34,114.0263
2017-11-03,3992.6979,24223.5392007,17098.376448000003,273.6,114.0187
2017-11-06,4020.8896,24279.541104,17165.458911,273.0,113.9962
2017-11-07,4054.2465,24608.3661882,17154.181824,274.34,113.9246
2017-11-08,4048.0057,24551.513756,17194.772326000002,274.57,113.9203
2017-11-09,4075.8998,24789.976487399996,17142.49215,275.37,113.9044
2017-11-10,4111.9112,24748.705071200002,17116.000860000004,275.94,113.8446
2017-11-13,4128.0733,24813.8994758,17149.637948000003,274.99,113.686
2017-11-14,4099.351,24813.409980400003,17123.438912999998,274.49,113.6193
2017-11-15,4073.6696,24499.124046599998,16993.941506,275.05,113.6156
2017-11-16,4105.0122,24637.5076152,17139.173304,274.0,113.6603
2017-11-17,4120.8508,24780.6412672,17091.844145,274.85,113.6492
2017-11-20,4143.8334,24822.1061792,17112.099994,276.3,113.6044
2017-11-21,4217.7015,25330.450465,17246.123467999998,274.89,113.5283
2017-11-22,4227.5666,25463.361893200003,17216.043319999997,274.74,113.2842
2017-11-23,4102.3966,25108.8538086,17146.181868,275.2,113.2458
2017-11-24,4104.2034,25166.854548,17126.52602,275.25,113.3154
2017-11-27,4049.9475,25048.316536299997,17136.594108,275.34,113.3163
2017-11-28,4055.8235,25087.7384625,17323.752576,275.7,113.2852
2017-11-29,4053.7529,25061.463941700003,17334.950677,276.2,113.3224
2017-11-30,4006.0993,24677.3273095,17483.029772,274.39,113.3556
2017-12-01,3998.1365,24593.3181312,17456.354873999997,272.83,113.3834
2017-12-04,4018.8571,24655.938387600003,17448.018119999997,272.65,113.4375
2017-12-05,4040.1704,24392.644387999997,17384.876141,272.87,113.4496
2017-12-06,4015.8211,23896.809168,17396.039101,271.43,113.4683
2017-12-07,3971.0569,23980.4437913,17455.489110000002,269.28,113.4572
2017-12-08,4003.3792,24286.5928,17557.702699999998,267.79,113.4268
2017-12-11,4069.4997,24539.683340900003,17596.365847999998,268.28,113.3461
2017-12-12,4016.0163,24397.918340400003,17626.284582,267.5,113.2994
2017-12-13,4050.0927,24799.627385999996,17641.647535,267.79,113.2867
2017-12-14,4026.1516,24677.0907904,17512.017633000003,270.0,113.3145
2017-12-15,3980.8558,24419.3481528,17690.582653,269.57,113.3729
2017-12-18,3985.2914,24603.0827331,17798.636592,269.9,113.3968
2017-12-19,4035.3294,24736.6023594,17723.980406,271.31,113.385
2017-12-20,4030.4898,24703.098390900002,17700.73305,270.68,113.3615
2017-12-21,4067.8485,24702.3961896,17663.128315,270.15,113.338
2017-12-22,4054.5984,24889.895415,17662.012214000002,270.54,113.3505
2017-12-25,4041.5401,24846.119960199998,17624.982122,271.55,113.3677
2017-12-26,4053.6224,24770.1044745,17534.7588,271.92,113.339
2017-12-27,3991.2075,24783.3046244,17549.968302,272.75,113.3037
2017-12-28,4018.8974,25005.7802943,17579.736648,273.5,113.3103
2017-12-29,4030.8549,25009.7166765,17469.902462,273.0,113.3542
2018-01-02,4087.4012,25398.1976661,17544.061898999997,275.3,113.4396
2018-01-03,4111.3925,25383.313851000003,17613.185520000003,276.0,113.4585
2018-01-04,4128.8119,25572.751360000002,17717.648157,275.19,113.435
2018-01-05,4138.7505,25585.703738400003,17807.158225,276.26,113.5153
2018-01-08,4160.1595,25619.727308899997,17813.953472,276.6,113.5314
2018-01-09,4189.2977,25756.216461400003,17874.580872,277.19,113.5598
2018-01-10,4207.8132,25908.6462616,17920.383361,276.65,113.4841
2018-01-11,4205.5863,25915.1935686,18029.823132,277.8,113.4203
2018-01-12,4225.001,26071.4658238,18091.613568,278.38,113.4363
2018-01-15,4225.2393,25868.043464100003,17991.866176,279.54,113.3739
2018-01-16,4258.473,26248.67592,17872.370824,278.8,113.3735
2018-01-17,4248.1164,26298.6787066,18030.26976,277.65,113.3455
2018-01-18,4271.4168,26468.1573406,18019.593003,276.15,113.2956
2018-01-19,4285.395,26470.620576299996,18033.414070000003,275.6,113.3094
2018-01-22,4336.5974,26566.8073433,18162.737264,275.95,113.3354
2018-01-23,4382.6129,26957.400327,18172.987217,277.14,113.3579
2018-01-24,4389.8853,26943.3994881,18136.420663999997,277.84,113.3723
2018-01-25,4365.0794,26617.948373,18092.8367,278.87,113.3765
2018-01-26,4381.2996,26902.910674000002,18224.338132,277.5,113.3907
2018-01-29,4302.0181,26677.7963947,18053.428251,275.98,113.4122
2018-01-30,4256.1021,26407.339879400002,17869.368816,274.0,113.4153
2018-01-31,4275.8986,26636.386591099996,17885.730159,274.05,113.4709
2018-02-01,4245.8978,26309.52454,17791.17291,273.4,113.5126
2018-02-02,4271.2326,26216.069351399998,17369.654505000002,273.75,113.5388
2018-02-05,4274.1464,25980.618658400002,16693.354986000002,271.49,113.5252
2018-02-06,4148.8856,24675.206230000003,16998.787008,273.24,113.6456
2018-02-07,4050.4972,24385.614208,16862.814412,269.79,113.6902
2018-02-08,4012.0472,24470.336059299996,16214.3582,269.3,113.7045
2018-02-09,3840.6527,23846.421472999995,16553.984270000004,269.55,113.7157
2018-02-12,3890.1046,23735.623891,16733.065599999998,270.1,113.7801
2018-02-13,3935.6324,24133.0182828,16842.296618,271.14,113.8034
2018-02-14,3966.9614,24746.320664,17116.870364,273.21,113.8276
2018-02-22,4052.7332,25141.035592,17178.25788,271.36,113.847
2018-02-23,4071.0889,25369.869066299998,17440.409860000003,271.96,113.8745
2018-02-26,4118.4186,25516.700874,17616.54888,273.6,114.0066
2018-02-27,4058.9806,25238.1862324,17329.030488000004,272.36,114.0712
2018-02-28,4023.6415,24940.423697600003,17176.915602,270.3,114.1201
2018-03-01,4049.0863,25126.9055075,16963.574984,269.78,114.1365
2018-03-02,4016.461,24745.9868985,17044.76275,270.9,114.1161
2018-03-05,4018.097,24205.5849888,17259.194514,272.09,114.0939
2018-03-06,4066.5647,24693.5542182,17292.461432,271.15,114.1107
2018-03-07,4036.6536,24399.715298400002,17259.007920000004,272.3,114.1491
2018-03-08,4077.6001,24743.7154536,17320.972383,272.21,114.1707
2018-03-09,4108.8652,25083.0630183,17681.065307,270.6,114.1868
2018-03-12,4127.6662,25526.638923500002,17625.700566,270.8,114.2115
2018-03-13,4091.2533,25481.829207500003,17481.736758,270.7,114.1767
2018-03-14,4073.3447,25340.075911099997,17378.08834,271.12,114.1739
2018-03-15,4096.1627,25400.678651999995,17346.916353,270.97,114.1868
2018-03-16,4056.4226,25444.771208400005,17431.231340000002,270.21,114.2055
2018-03-19,4074.2479,25441.3735856,17178.209440000002,268.6,114.1983
2018-03-20,4077.7041,25440.6015548,17183.558724000002,269.51,114.2362
2018-03-21,4061.0502,25385.7594668,17192.551428000002,269.74,114.2851
2018-03-22,4020.349,25014.991644499998,16699.396623,272.1,114.3692
2018-03-23,3904.9355,24435.6526909,16376.438672000002,274.97,114.6039
2018-03-26,3879.893,24597.869604,16800.175015,274.18,114.631
2018-03-27,3913.2689,24647.135690100004,16411.433792,274.1,114.5868
2018-03-28,3842.7155,24023.7282807,16355.4925,272.52,114.6205
2018-03-29,3894.0498,24179.729896200002,16649.629002,269.9,114.6127
2018-03-30,3898.4977,24112.320725,16606.054646999997,270.56,114.6607
2018-04-02,3886.9189,24065.375052199997,16204.911632,270.84,114.7322
2018-04-03,3862.4796,24161.584458,16427.373685,272.44,114.7772
2018-04-04,3854.8625,23666.3145206,16641.976294,272.16,114.8649
2018-04-09,3852.9292,24308.8144612,16492.698023999998,271.5,115.0446
2018-04-10,3927.1729,24691.157164800003,16757.144777,271.97,115.0234
2018-04-11,3938.3434,24762.969679499998,16622.281509,272.9,115.0573
2018-04-12,3898.6354,24679.823014399997,16738.914765999998,274.08,115.0913
2018-04-13,3871.1443,24685.522558800003,16707.59574,272.1,115.1049
2018-04-16,3808.863,24284.9096813,16839.329056000002,272.89,115.2037
2018-04-17,3748.6412,24039.6780375,16988.280669,273.5,115.2498
2018-04-18,3766.282,24234.3653775,17014.863888,273.04,115.9786
2018-04-19,3811.843,24581.1849668,16921.474416000005,274.09,115.8796
2018-04-20,3760.8543,24377.8580286,16794.379558,272.88,115.8857
2018-04-23,3766.3257,24309.107856000002,16831.905985999998,271.45,115.7051
2018-04-24,3843.4886,24697.404876,16658.059424,271.09,115.7193
2018-04-25,3828.7015,24375.340718,16645.64004,270.51,115.6709
2018-04-26,3755.4941,24200.5937664,16877.196402,271.27,115.5998
2018-04-27,3756.8765,24462.2392595,16925.360462999997,270.3,115.5318
2018-05-02,3763.6461,24921.368023200004,16781.310890000004,269.84,115.4517
2018-05-03,3793.0001,24613.850172599996,16759.795236,269.4,115.4897
2018-05-04,3774.5981,24217.72086,16918.310182,269.48,115.5329
2018-05-07,3834.1877,24296.850312999995,16993.650592,269.99,115.5121
2018-05-08,3878.6767,24661.5433596,17013.183408,270.35,115.419
2018-05-09,3871.6152,24792.9027888,17193.825007,269.61,115.331
2018-05-10,3893.0565,25028.7941436,17364.472776,270.1,115.3362
2018-05-11,3872.8383,25185.527055000002,17327.568528,270.79,115.356
2018-05-14,3909.2933,25452.074506,17294.008485000002,270.52,115.3465
2018-05-15,3924.0975,25194.8273031,17213.91147,269.47,115.2686
2018-05-16,3892.8442,25263.349012000002,17354.32127,267.1,115.2342
2018-05-17,3864.0507,25101.509766,17321.515827,265.49,115.1969
2018-05-18,3903.0637,25219.596334799997,17298.710611,265.8,115.2049
2018-05-21,3921.2421,25406.644977,17450.815452000003,265.32,115.2426
2018-05-22,3906.2081,25389.778427999998,17381.654756,266.01,115.3017
2018-05-23,3854.5825,24913.3792488,17431.010317,266.49,115.3614
2018-05-24,3827.217,25013.1349956,17407.473216000002,267.65,115.3822
2018-05-25,3816.498,24894.382234399996,17380.318311,268.87,115.4677
2018-05-28,3833.2599,25104.929578,17406.170946000002,267.8,115.4725
2018-05-29,3804.0093,24876.941509000004,17220.752706000003,268.4,115.4672
2018-05-30,3723.3724,24598.176368099997,17490.051007000002,268.85,115.4921
2018-05-31,3802.3759,24909.2665424,17352.683888,269.54,115.4204
2018-06-01,3770.5891,24904.1694552,17522.898036,269.09,115.3882
2018-06-04,3807.5781,25368.126872399997,17637.102896,267.94,115.329
2018-06-05,3845.3164,25422.937523500004,17635.476160000002,267.5,115.2841
2018-06-06,3837.3511,25509.301145999994,17754.129399999998,267.87,115.2632
2018-06-07,3831.0128,25669.873271700002,17707.928003,268.09,115.2224
2018-06-08,3779.6159,25255.0885538,17786.625709,268.13,115.2774
2018-06-11,3779.9818,25362.889776,17822.604799999997,268.26,115.2571
2018-06-12,3825.9534,25416.7985708,17869.560885000003,268.11,115.1858
2018-06-13,3788.3391,25119.9608855,17807.331828,267.86,115.217
2018-06-14,3773.3655,24811.173763599996,17797.362538,268.93,115.2709
2018-06-15,3753.4338,24831.9589672,17874.881595999996,268.67,115.3272
2018-06-19,3621.1166,24115.2605525,17745.496865,267.82,115.4101
2018-06-20,3635.4436,24434.602599399997,17873.012952,266.3,115.361
2018-06-21,3592.965,24165.725723999996,17792.597056,265.75,115.4154
2018-06-22,3608.9046,24237.873618000005,17852.724352,266.68,115.4494
2018-06-25,3560.4777,23952.8072134,17631.882351,267.16,115.4366
2018-06-26,3531.1112,23988.024398,17748.90508,267.2,115.4571
2018-06-27,3459.2621,23688.5360414,17701.203947,267.56,115.4952
2018-06-28,3423.5255,23950.287620799998,17916.78076,267.0,115.6173
2018-06-29,3510.9845,24412.053241,17986.366942,267.38,115.8185
2018-07-02,3407.9638,24411.7636899,18039.095347000002,267.42,115.9389
2018-07-03,3409.2801,24193.2269421,18042.099034,267.84,115.9959
2018-07-04,3363.7473,23977.17783,18068.68859,268.4,116.0148
2018-07-05,3342.4379,23777.5111539,18110.88498,268.29,116.1109
2018-07-06,3365.1227,23933.777805,18307.541952000003,269.21,116.1192
2018-07-09,3459.1837,24267.889034999997,18484.939881,269.1,116.0934
2018-07-10,3467.5155,24213.555450000003,18511.704456000003,268.25,116.0648
2018-07-11,3407.5297,23892.235191,18373.444068,269.0,116.1163
2018-07-12,3481.0559,24213.832049400004,18671.869854,267.99,116.1234
2018-07-13,3492.6897,24252.6143424,18692.301237,267.8,116.1878
2018-07-16,3472.0859,24275.264002800002,18681.758994,268.15,116.2591
2018-07-17,3449.3773,23993.882352,18773.694055,267.87,116.2593
2018-07-18,3431.3227,23971.2252468,18840.439668,265.47,116.3103
2018-07-19,3428.343,23934.1594356,18808.592633999997,266.29,116.44
2018-07-20,3492.8938,24333.1709424,18960.263793,267.48,116.4325
2018-07-23,3525.7503,24332.4751768,18973.219913999998,268.4,116.4562
2018-07-24,3581.7057,24796.849184100003,19147.977639999997,268.43,116.3497
2018-07-25,3577.7522,25081.361316000002,19364.66028,268.0,116.3454
2018-07-26,3536.2456,24823.4454386,19198.686528000002,268.58,116.4225
2018-07-27,3521.2269,24938.169538399998,19151.626844000002,268.25,116.4835
2018-07-30,3515.0794,24943.8048156,19094.39406,268.29,116.5633
2018-07-31,3517.6568,24824.9158452,19197.240784999998,268.65,116.7237
2018-08-01,3447.3882,24658.9944666,19213.279448,268.24,116.8057
2018-08-02,3370.9579,23991.3860096,19208.698124,267.93,116.8785
2018-08-03,3315.2839,24090.022454399998,19405.83927,267.81,116.9877
2018-08-06,3273.2728,24285.084902000002,19528.94552,267.6,117.098
2018-08-07,3368.8695,24627.938561600004,19560.659194999997,267.61,117.1666
2018-08-08,3314.5075,24680.959541999997,19521.806009999997,267.2,117.0568
2018-08-09,3397.5298,24898.935701000002,19494.802485999997,267.14,116.8411
2018-08-10,3405.0191,24716.1196722,19378.21856,267.24,116.7661
2018-08-13,3390.3441,24424.3844196,19366.623397,267.72,116.5905
2018-08-14,3372.9137,24287.1441016,19509.10522,265.51,116.631
2018-08-15,3291.976,23967.1602044,19406.168471999998,264.97,116.6241
2018-08-16,3276.7276,23803.8797022,19585.421274,262.39,116.5397
2018-08-17,3229.6198,23884.3935547,19635.685622,261.59,116.3458
2018-08-20,3267.2498,24160.1346486,19633.07619,263.18,116.2947
2018-08-21,3326.6489,24169.3497552,19571.19456,264.51,116.1966
2018-08-22,3307.9545,24289.733429200005,19537.931322000004,264.1,116.2661
2018-08-23,3320.0257,24204.3790416,19532.315166,264.26,116.3572
2018-08-24,3325.3347,24221.187811,19751.994990000003,264.6,116.3623
2018-08-27,3406.5735,24673.1854671,19844.986392,265.3,116.3174
2018-08-28,3400.1705,24578.586410399996,19718.203104,266.34,116.3067
2018-08-29,3386.5736,24644.15759,19836.453088,265.69,116.3173
2018-08-30,3351.0942,24441.889152,19760.466769000002,266.0,116.3896
2018-08-31,3334.5036,24248.815339499997,19801.713392,266.47,116.4438
2018-09-03,3321.8248,24131.8027066,19831.018744,265.0,116.3832
2018-09-04,3363.8984,24299.041791,19750.705976,264.14,116.3535
2018-09-05,3298.1412,23695.066099,19719.316759999998,263.91,116.3526
2018-09-06,3262.8808,23444.355558400002,19633.193685000002,264.8,116.3392
2018-09-07,3277.6438,23439.4059606,19588.303616,265.22,116.325
2018-09-10,3230.0681,23186.676040799997,19676.404357,265.19,116.2193
2018-09-11,3224.2116,23053.146424,19778.581032,265.38,116.1433
2018-09-12,3202.0248,23006.069630399998,19802.391032000003,265.2,116.1803
2018-09-13,3236.5662,23574.464843400005,19890.147984,266.15,116.2264
2018-09-14,3242.0902,23767.8274305,19859.024276,266.72,116.2601
2018-09-17,3204.9224,23511.5700645,19790.879920000003,265.69,116.2997
2018-09-18,3269.4319,23668.742680800002,19910.206774,265.79,116.3044
2018-09-19,3312.4823,23953.493232599998,19939.522355,266.69,116.2774
2018-09-20,3310.1258,24007.240278999998,20084.42975,266.54,116.2275
2018-09-21,3410.4856,24365.178935400003,20026.345219000003,267.7,116.2632
2018-09-25,3379.8043,24088.915652199998,19954.09264,266.53,116.2861
2018-09-26,3417.2413,24410.9724372,19926.526887,267.1,116.3352
2018-09-27,3403.5902,24366.2312805,20002.2788,266.3,116.4057
2018-09-28,3438.8649,24452.508174000002,20045.851216,264.06,116.4529
2018-10-08,3290.8988,23057.9995743,19890.163951000002,266.98,116.5907
2018-10-09,3288.6906,23075.8695597,19879.818646000003,266.72,116.6135
2018-10-10,3281.5978,23094.953680399998,19241.248896,266.46,116.6581
2018-10-11,3124.1139,22277.358429,18852.491026,268.28,116.781
2018-10-12,3170.7262,22762.074478000002,19126.402560000002,271.35,116.8235
2018-10-15,3126.4516,22456.028801800003,19022.813166,274.45,116.8311
2018-10-16,3100.9738,22457.458697399998,19421.886048,274.25,116.8565
2018-10-17,3118.2463,22452.1116228,19412.483862999998,273.74,116.8647
2018-10-18,3044.3918,22495.967653499996,19180.72345,273.65,116.9496
2018-10-19,3134.9455,22625.161982000005,19204.795086000002,274.2,116.9672
2018-10-22,3270.2732,23092.969918500003,19080.610768000002,274.7,116.9295
2018-10-23,3183.4257,22418.009613,19003.396322,276.32,116.9453
2018-10-24,3188.2018,22340.2478506,18421.912770000003,276.21,117.0074
2018-10-25,3194.3084,22127.345493399996,18779.090813000003,276.5,117.0633
2018-10-26,3173.635,21914.1564054,18480.554190000003,277.48,117.0804
2018-10-29,3076.8889,21955.429834799997,18324.200125,277.2,117.184
2018-10-30,3110.2605,21808.5943865,18664.129962,275.8,117.2272
2018-10-31,3153.8234,22174.7206099,18886.184404,273.8,117.2311
2018-11-01,3177.0338,22576.01616,19092.15779,274.85,117.2724
2018-11-02,3290.2455,23448.895382,18890.139526,274.34,117.2069
2018-11-05,3262.8351,22859.8680655,18887.767056,275.52,117.2173
2018-11-06,3243.1504,23033.9849472,19033.270875,274.86,117.2728
2018-11-07,3221.9101,23057.2945189,19434.131284999996,275.22,117.3552
2018-11-08,3212.7737,23167.9941848,19412.878329,273.86,117.3969
2018-11-09,3167.4442,22669.732102399998,19280.464229,273.48,117.4138
2018-11-12,3205.1407,22738.6813144,18940.686071999997,271.25,117.4451
2018-11-13,3237.3823,22922.897355099998,18954.267121999997,270.6,117.4893
2018-11-14,3204.9427,22733.1600559,18749.505516,270.13,117.6821
2018-11-15,3242.3715,23135.9123088,18945.40384,272.09,117.7678
2018-11-16,3257.6735,23193.370874,18983.420379,272.69,117.9164
2018-11-19,3294.6031,23318.91356,18631.959885,273.71,117.9574
2018-11-20,3218.4076,22855.5223266,18303.013919999998,274.42,117.9269
2018-11-21,3226.4918,23028.902449,18403.498857,274.38,117.9623
2018-11-22,3214.4273,23055.799201,18388.129263,274.65,117.931
2018-11-23,3143.4752,22954.2936576,18245.220336,274.61,117.9054
2018-11-26,3141.2434,23405.694608399997,18567.912285,275.0,117.9031
2018-11-27,3137.2413,23384.887036800003,18631.157471,274.19,117.8977
2018-11-28,3178.9326,23694.9137568,19069.3405,272.9,117.9381
2018-11-29,3137.6542,23439.844744799997,18987.186928,274.6,118.0182
2018-11-30,3172.69,23506.716035,19143.711069,274.65,118.0354
2018-12-03,3260.9502,24127.8659856,19373.817946999996,274.27,118.0743
2018-12-04,3267.7095,24043.1628712,18613.943634,274.06,118.2081
2018-12-05,3252.0041,23523.541328,18488.930856,274.28,118.3001
2018-12-06,3181.673,22963.209129600004,18493.947405,275.3,118.3632
2018-12-07,3181.5646,22918.385443199997,18079.780511999998,275.8,118.4101
2018-12-10,3144.7631,22635.054401,18119.289995999996,278.83,118.49
2018-12-11,3159.8158,22755.3537432,18192.727288000002,278.09,118.5212
2018-12-12,3170.6092,23136.2201521,18309.349848,277.45,118.5383
2018-12-13,3219.6924,23340.632269499998,18227.498526000003,278.26,118.3838
2018-12-14,3165.9109,22969.938897500004,17874.65625,277.48,118.3464
2018-12-17,3161.1966,23008.033081200003,17543.563352,276.8,118.2781
2018-12-18,3128.4265,22745.193817500003,17531.330063999998,278.59,118.2751
2018-12-19,3091.1255,22775.5105106,17265.182824000003,278.89,118.301
2018-12-20,3067.4169,22566.1304004,17009.406512,278.99,118.417
2018-12-21,3029.3951,22645.497274399997,16632.38715,280.96,118.4344
2018-12-24,3038.1981,22598.6092662,16224.00066,281.76,118.4203
2018-12-25,3017.2815,22568.8536654,16203.546090000002,283.4,118.4391
2018-12-26,3002.0327,22547.306506200002,16988.88065,284.21,118.4681
2018-12-27,2990.5057,22421.9239776,17146.545402,282.87,118.5564
2018-12-28,3010.6536,22346.78004,17060.130768,284.6,118.7587
2019-01-02,2969.5353,21967.6954525,17189.187446000004,285.8,118.9973
2019-01-03,2964.8421,21956.6300036,16800.113858999997,287.31,119.117
2019-01-04,3035.8741,22449.4273212,17365.563684,287.49,119.183
2019-01-07,3054.303,22596.678290999997,17469.710972999997,286.18,119.2315
2019-01-08,3047.7035,22584.8690235,17609.479281999997,284.75,119.4208
2019-01-09,3078.4759,23133.0955208,17713.696896,283.88,119.4492
2019-01-10,3072.6864,23062.770313700003,17698.698239999998,283.84,119.4648
2019-01-11,3094.7782,23102.9226918,17630.942034000003,283.2,119.4801
2019-01-14,3067.7845,22660.744994400004,17448.11316,283.5,119.4282
2019-01-15,3127.9904,23105.1725364,17630.488260000002,282.32,119.4092
2019-01-16,3128.6517,23191.224326,17688.76015,282.97,119.562
2019-01-17,3111.4168,23059.0721592,17816.980832,283.1,119.6098
2019-01-18,3168.1739,23370.6999708,18071.359215,283.28,119.5621
2019-01-21,3185.6364,23498.8984216,18100.469954,282.18,119.5238
2019-01-22,3143.3171,23355.933487000002,17865.27966,282.82,119.49
2019-01-23,3141.0532,23394.772922,17934.980030000002,282.34,119.4746
2019-01-24,3158.7817,23440.1205944,17915.525866,282.6,119.4149
2019-01-25,3184.4696,23871.6102372,18104.645916,282.39,119.3276
2019-01-28,3183.7777,23714.806752,17838.58472,284.45,119.3082
2019-01-29,3193.9698,23635.1213296,17781.984,285.92,119.365
2019-01-30,3168.4829,23733.321724499998,18054.995015,286.72,119.431
2019-01-31,3201.6331,23878.7965879,18124.230249999997,286.7,119.4821
2019-02-01,3247.3971,23884.1343888,18155.673893,287.42,119.5046
2019-02-11,3306.4725,24209.331168,18289.795100000003,287.43,119.6136
2019-02-12,3330.3353,24327.0703082,18599.662845,287.8,119.6453
2019-02-13,3397.0276,24574.0418088,18631.130525,287.07,119.6593
2019-02-14,3402.1403,24542.54556,18600.673312000003,286.5,119.6514
2019-02-15,3338.7047,24042.9908532,18769.439879999998,288.41,119.6656
2019-02-18,3445.7448,24438.240791099997,18779.43204,289.98,119.608
2019-02-19,3439.6078,24330.389809599998,18802.852592,290.67,119.5994
2019-02-20,3451.9273,24543.183396999997,18812.87626,292.33,119.623
2019-02-21,3442.7056,24520.953881599995,18652.74336,290.71,119.6061
2019-02-22,3520.1182,24658.684236,18753.058317,288.91,119.5773
2019-02-25,3729.4831,24770.916441,18770.566041000002,288.33,119.4522
2019-02-26,3684.6935,24543.142621200004,18705.71928,288.0,119.3209
2019-02-27,3678.3921,24494.7246688,18669.014966000002,287.89,119.3481
2019-02-28,3669.3703,24404.345645799996,18628.516549,286.02,119.3233
2019-03-01,3749.7143,24575.9166449,18772.667133000003,284.49,119.2617
2019-03-04,3794.104,24739.0193534,18725.511769,280.71,119.2291
2019-03-05,3816.0132,24719.884063999998,18690.09707,279.5,119.1892
2019-03-06,3848.0903,24804.208296,18583.403684999997,281.25,119.1728
2019-03-07,3808.8497,24604.702983000003,18448.06923,280.0,119.2601
2019-03-08,3657.579,24178.2062984,18443.031145,282.54,119.3177
2019-03-11,3729.9546,24401.390096999996,18704.33266,283.5,119.3185
2019-03-12,3755.3519,24731.9711892,18738.915456,282.8,119.2926
2019-03-13,3724.1941,24629.793601,18865.208488,284.86,119.2818
2019-03-14,3698.4858,24629.2775874,18819.343632000004,284.14,119.2387
2019-03-15,3745.005,24824.6303916,18957.751416,284.29,119.2449
2019-03-18,3851.7479,25134.9985767,19005.627872,284.28,119.214
2019-03-19,3833.9626,25173.9269924,18995.780934000002,285.2,119.2049
2019-03-20,3835.4397,25063.858365699998,18950.865723,284.59,119.1816
2019-03-21,3836.8913,24759.956936399998,19084.8728,286.5,119.2051
2019-03-22,3833.8013,24838.9364848,18749.073024,286.5,119.2425
2019-03-25,3742.8252,24391.7427525,18776.435928000003,287.21,119.2999
2019-03-26,3700.4388,24401.5688529,18895.519532,287.65,119.3293
2019-03-27,3743.3878,24574.719615,18835.534717,287.1,119.3149
2019-03-28,3728.3953,24657.189696899997,18937.494072,286.49,119.3472
2019-03-29,3872.3412,24919.9660944,19085.4324,281.0,119.3635
2019-04-01,3973.928,25305.08912,19265.509767,282.0,119.2237
2019-04-02,3971.2852,25347.460145399997,19256.670564,281.51,119.1371
2019-04-03,4022.1566,25669.8491595,19307.523960000002,282.05,118.9469
2019-04-04,4062.2309,25573.999449599996,19307.749645,282.71,118.8674
2019-04-08,4057.2286,25749.9504295,19459.863976999997,283.62,118.8553
2019-04-09,4075.4301,25810.8909663,19324.810439999997,283.8,118.7315
2019-04-10,4085.847,25787.162489600003,19382.77731,285.1,118.6934
2019-04-11,3997.5778,25540.182044,19377.161216,285.15,118.7242
2019-04-12,3988.6168,25628.7760512,19543.61002,282.8,118.6551
2019-04-15,3975.5244,25508.138782399998,19499.928496,281.45,118.4185
2019-04-16,4085.7891,25792.976512199995,19505.500482000003,281.38,118.3137
2019-04-17,4087.2398,25772.8687272,19464.91995,279.7,118.28
2019-04-18,4072.0753,25552.3684954,19437.846233000004,278.7,118.3443
2019-04-19,4120.6078,25606.0027308,19476.192629,279.61,118.3181
2019-04-22,4025.6109,25600.9089766,19493.576895,280.12,118.2292
2019-04-23,4019.0053,25620.6676268,19679.712176,279.16,118.1811
2019-04-24,4030.0887,25545.682718099997,19672.583625,278.5,118.0962
2019-04-25,3941.816,25366.434814,19695.172419000002,280.1,118.1285
2019-04-26,3889.2748,25401.9867303,19787.450316000002,281.0,118.1618
2019-04-29,3900.3339,25651.917045300004,19809.53493,280.49,118.1283
2019-04-30,3913.211,25477.0845224,19821.311738,280.88,118.1908
2019-05-06,3684.6168,25076.0462736,19748.425968,282.06,118.3781
2019-05-07,3720.6684,25303.8761152,19500.21567,281.75,118.3938
2019-05-08,3667.4574,24979.006,19463.727432000003,282.65,118.469
2019-05-09,3599.7001,24410.9369968,19424.72688,283.5,118.5823
2019-05-10,3730.4513,24705.950184,19568.16368,283.32,118.5981
2019-05-13,3668.7255,24719.9398016,19107.781398,285.05,118.7017
2019-05-14,3645.1503,24494.560640199998,19377.443965,288.7,118.6805
2019-05-15,3727.0923,24723.813765999996,19571.555304,287.59,118.7026
2019-05-16,3743.9635,24742.9482556,19756.866816,288.71,118.7578
2019-05-17,3648.7609,24515.7525704,19690.437627000003,288.0,118.7468
2019-05-20,3617.7924,24422.808305100003,19594.178723999998,287.19,118.7494
2019-05-21,3666.7762,24309.054525600004,19761.21964,286.6,118.707
2019-05-22,3649.3796,24352.413022399996,19705.977983999997,286.37,118.6489
2019-05-23,3583.9646,23967.534598700004,19471.762656000003,286.61,118.6744
2019-05-24,3593.9139,24046.5663237,19497.835757999997,288.54,118.6779
2019-05-27,3637.1971,23964.1277571,19478.335944000002,288.37,118.572
2019-05-28,3672.2605,24070.7699199,19328.924547,288.5,118.6147
2019-05-29,3663.909,23937.7378761,19199.498376,288.69,118.7139
2019-05-30,3641.1833,23832.623776,19240.34514,287.1,118.7426
2019-05-31,3629.7893,23649.5552517,18987.012351999998,290.8,118.7459
2019-06-03,3632.0127,23633.5173522,18908.16272,294.51,118.8245
2019-06-04,3598.4666,23493.4031776,19292.664794,297.59,118.9059
2019-06-05,3597.105,23634.0989456,19473.021345,298.97,118.9308
2019-06-06,3564.6778,23710.3010512,19604.441805000002,299.32,118.9615
2019-06-10,3610.7435,24237.487764,19896.786525,298.77,118.9276
2019-06-11,3719.2759,24425.7182864,19891.267959999997,297.0,118.8434
2019-06-12,3691.0957,24038.8180842,19851.313088000003,299.61,118.8499
2019-06-13,3685.3933,24063.5622302,19933.231176,300.41,118.8711
2019-06-14,3654.8799,23868.215752499997,19901.974026,305.04,118.9066
2019-06-17,3654.8248,23972.4252936,19921.384980000003,301.35,118.9335
2019-06-18,3667.6185,24198.367624600003,20115.55205,303.6,118.9448
2019-06-19,3715.9381,24808.5764938,20161.260877999997,302.21,118.9224
2019-06-20,3828.5183,25124.3784,20326.23549,308.58,118.9633
2019-06-21,3833.9383,24967.1726135,20202.389712,311.0,118.9842
2019-06-24,3841.2659,25001.05379,20176.531105,313.26,118.9706
2019-06-25,3801.3098,24754.9006546,20007.39204,319.91,119.0001
2019-06-26,3794.331,24830.5446634,20017.959978000003,314.44,119.0093
2019-06-27,3834.8172,25206.598379799998,20117.014776,313.89,119.02
2019-06-28,3825.5873,25107.801109199994,20223.717472000004,314.43,119.0798
2019-07-01,3935.8116,25117.5056,20369.690028,307.6,119.1295
2019-07-02,3937.1691,25321.5560752,20368.983413,309.77,119.2918
2019-07-03,3893.5341,25402.3339476,20563.30848,318.0,119.3788
2019-07-04,3873.1019,25384.0471704,20582.781310000002,315.01,119.414
2019-07-05,3893.2025,25383.4285362,20543.219577,315.71,119.3853
2019-07-08,3802.7897,25026.798361499998,20498.641194999997,314.07,119.346
2019-07-09,3793.1297,24810.648960399998,20515.646439,311.49,119.3521
2019-07-10,3786.739,24864.6906102,20609.082791999997,311.14,119.3384
2019-07-11,3785.221,24972.787212,20602.481907,316.5,119.3563
2019-07-12,3808.7311,24992.103319799997,20693.147574,314.6,119.3744
2019-07-15,3824.1878,25050.0540288,20701.30811,315.0,119.3407
2019-07-16,3806.8449,25123.4472208,20640.758840000002,315.38,119.3392
2019-07-17,3804.6384,25182.004818999998,20540.867534,313.75,119.3227
2019-07-18,3768.4019,25053.091598400002,20594.675871,316.55,119.3425
2019-07-19,3807.9551,25268.677976,20429.962735,320.45,119.3431
2019-07-22,3781.6832,25003.8751506,20524.767777000005,318.45,119.377
2019-07-23,3789.9135,25082.1001928,20683.043445999996,316.45,119.4046
2019-07-24,3819.8325,25146.223183200003,20792.69016,317.55,119.387
2019-07-25,3851.0665,25151.832223,20646.326479000003,317.67,119.3946
2019-07-26,3858.5688,24997.110635000005,20816.706456,316.84,119.4
2019-07-29,3854.2704,24742.072722999997,20790.617637,317.13,119.3808
2019-07-30,3870.3176,24783.274715,20749.360115999996,318.47,119.3834
2019-07-31,3835.3589,24439.97556,20517.233958,319.94,119.4388
2019-08-01,3803.4694,24276.009362,20361.251927999998,315.21,119.4445
2019-08-02,3747.4379,23747.3020902,20229.97218,322.67,119.5904
2019-08-05,3675.6884,23129.011947599996,19692.712649999998,331.99,119.7146
2019-08-06,3636.3289,23076.5123288,20081.037891,333.07,119.7357
2019-08-07,3621.431,23217.4275524,20186.706408000002,340.3,119.7775
2019-08-08,3669.2936,23331.8553871,20578.088551,343.33,119.798
2019-08-09,3633.5296,23198.294169,20470.24364,343.4,119.8562
2019-08-12,3699.1047,23123.1960408,20247.097125,341.16,119.8515
2019-08-13,3665.7515,22661.398881,20579.638032,350.0,119.9352
2019-08-14,3682.4015,22674.891244799997,19972.82672,341.65,119.9485
2019-08-15,3694.0006,22858.4645722,20009.515679999997,344.6,119.9893
2019-08-16,3710.5386,23078.7058382,20310.886816,345.7,119.9645
2019-08-19,3791.0946,23586.935500800002,20572.263225000002,344.28,119.9913
2019-08-20,3787.7324,23558.8083894,20435.253154,343.13,119.9734
2019-08-21,3781.7579,23592.8602236,20597.637819,342.5,119.9092
2019-08-22,3793.5061,23414.6734336,20603.874549999997,343.8,119.8908
2019-08-23,3820.8638,23572.915905200003,20092.624692,343.0,119.8437
2019-08-26,3765.9105,23107.931343900003,20312.72766,355.09,119.8638
2019-08-27,3816.9459,23164.1329413,20316.521960000002,355.72,119.8439
2019-08-28,3802.5844,23125.911498800004,20456.72299,357.2,119.8338
2019-08-29,3790.1867,23219.770795,20722.988964,358.9,119.852
2019-08-30,3799.5863,23237.663103599996,20742.455834,354.09,119.7953
2019-09-02,3848.3198,23167.426261999997,20743.626418,352.99,119.7605
2019-09-03,3853.6106,23070.7944375,20600.804268,355.2,119.753
2019-09-04,3886.0012,23963.4730727,20822.397084,356.89,119.7923
2019-09-05,3925.323,23965.001169299998,21085.5552,358.03,119.9112
2019-09-06,3948.5075,24129.2477628,21105.649705,348.74,119.929
2019-09-09,3972.9484,24108.245784,21102.474392999997,348.2,119.9207
2019-09-10,3959.265,24116.176310400002,21107.786394,343.38,119.8876
2019-09-11,3930.0999,24536.852757,21259.488398999998,344.09,119.8661
2019-09-12,3972.3799,24491.280664500002,21321.599622,344.8,119.8059
2019-09-16,3957.7154,24489.128722,21182.685972000003,344.4,119.7985
2019-09-17,3891.2208,24239.2733472,21259.316099999996,343.7,119.7788
2019-09-18,3910.0837,24178.5008676,21265.999944,344.84,119.7114
2019-09-19,3924.3823,23909.402535,21267.627028000003,343.52,119.7138
2019-09-20,3935.6511,23876.697143999994,21162.91111,345.14,119.7102
2019-09-23,3890.6616,23667.813792,21162.056652000003,348.69,119.7049
2019-09-24,3901.0758,23719.916549999998,20982.46514,349.87,119.6792
2019-09-25,3870.9837,23406.0785955,21110.194588,352.15,119.6669
2019-09-26,3841.1388,23502.0605671,21060.408497999997,347.2,119.615
2019-09-27,3852.6534,23414.353197200002,20949.036848999996,345.25,119.6045
2019-09-30,3814.5282,23535.4884627,21054.184346,344.49,119.6238
2019-10-08,3837.6791,23350.927054,20461.456155999997,344.0,119.77
2019-10-09,3843.2392,23157.9329489,20648.33232,348.39,119.8
2019-10-10,3874.6391,23178.269688,20781.39349,346.41,119.7792
2019-10-11,3911.7253,23726.7927828,21007.828629,344.56,119.7243
2019-10-14,3953.2411,23914.221708,20978.095875,339.84,119.6957
2019-10-15,3936.2498,23888.7872269,21181.854144,341.11,119.6791
2019-10-16,3922.6854,24043.9812044,21150.860874,340.14,119.6822
2019-10-17,3925.2216,24230.225255200003,21222.188254999997,341.47,119.6861
2019-10-18,3869.3777,24083.9606288,21109.447799999998,340.36,119.6365
2019-10-21,3880.8398,24089.458924799997,21251.496959999997,340.77,119.5428
2019-10-22,3895.8809,24137.312682000003,21172.062132,340.16,119.5072
2019-10-23,3871.0848,23968.2381387,21257.579904,340.58,119.4982
2019-10-24,3870.6678,24178.9863465,21290.878083,339.94,119.4705
2019-10-25,3896.7923,24073.7196486,21384.238995000003,343.8,119.4414
2019-10-28,3926.585,24276.6227902,21507.543804,343.64,119.3055
2019-10-29,3910.226,24127.1025996,21445.606112999998,340.68,119.2655
2019-10-30,3891.2255,24010.272698499997,21504.712014,339.8,119.1552
2019-10-31,3886.7519,24216.317067200005,21424.821948,340.3,119.2026
2019-11-01,3952.3872,24358.163087999998,21602.393967,343.27,119.2406
2019-11-04,3978.1216,24731.690467,21665.479914000003,342.52,119.1864
2019-11-05,4002.8128,24857.478528000003,21640.71287,340.99,119.2913
2019-11-06,3984.8816,24773.8568672,21562.074239999998,336.05,119.3213
2019-11-07,3991.8749,24915.1951533,21598.728144,335.84,119.3179
2019-11-08,3973.0107,24720.6721828,21634.54806,331.4,119.3296
2019-11-11,3902.9783,24052.6793185,21588.387033000003,330.93,119.3952
2019-11-12,3903.6888,24196.36032,21639.169792,327.82,119.4116
2019-11-13,3899.9815,23768.436684599998,21666.324504,330.9,119.4497
2019-11-14,3905.857,23561.5452083,21702.112029,331.98,119.446
2019-11-15,3877.0892,23564.4668328,21871.616186,331.12,119.4985
2019-11-18,3907.9291,23868.3694922,21865.761511,330.79,119.6196
2019-11-19,3947.0392,24238.384418,21850.620539999996,332.45,119.7152
2019-11-20,3907.8641,24086.3681575,21795.899827999998,333.6,119.7286
2019-11-21,3889.598,23745.555398400003,21792.126817999997,333.43,119.7674
2019-11-22,3849.9948,23899.4026912,21867.204874,333.9,119.7722
2019-11-25,3878.2061,24276.190524,22059.885508,330.89,119.699
2019-11-26,3891.6533,24190.5004352,22091.673888,330.89,119.7242
2019-11-27,3875.6186,24218.70808,22185.471687,331.5,119.722
2019-11-28,3862.3029,24140.6188599,22160.873373000002,330.6,119.7466
2019-11-29,3828.6706,23659.674949800003,22080.461204,331.69,119.772
2019-12-02,3836.0589,23737.0451192,21878.673394,331.31,119.7308
2019-12-03,3851.0873,23669.565230999997,21721.37836,333.0,119.7628
2019-12-04,3849.819,23429.459563200002,21908.227432000003,339.22,119.8105
2019-12-05,3879.3638,23614.7366096,21984.428103,336.49,119.8203
2019-12-06,3902.3853,23821.2396789,22141.858353,334.6,119.8265
2019-12-09,3895.4468,23821.9416376,22078.72638,332.31,119.8233
2019-12-10,3900.3843,23773.130535,22052.9408,333.43,119.8391
2019-12-11,3902.7492,23963.8339248,22112.362755000002,332.68,119.8832
2019-12-12,3891.0242,24284.468226800003,22260.154821,334.69,119.9135
2019-12-13,3968.2211,24882.436156799995,22231.03328,331.75,119.908
2019-12-16,3987.5464,24665.9541412,22313.022674999997,334.16,119.9268
2019-12-17,4041.7996,25006.157513899998,22338.381692000003,333.71,119.8789
2019-12-18,4032.7826,25056.1934218,22328.087466,334.25,119.8654
2019-12-19,4027.1495,24993.7525296,22445.603425,333.52,119.8909
2019-12-20,4017.2527,25025.4064515,22554.98244,334.89,119.9907
2019-12-23,3967.0962,25091.7694874,22605.790917,336.08,120.0859
2019-12-24,3992.9581,25096.4580207,22602.018222000002,336.96,120.1519
2019-12-25,3990.8671,25068.0365265,22585.256645999998,338.59,120.1979
2019-12-26,4025.9879,24968.5612968,22614.895791,339.84,120.2916
2019-12-27,4022.0278,25322.153298799996,22640.935758,340.47,120.3002
2019-12-30,4081.6334,25374.17344,22486.214845,340.43,120.3166
2019-12-31,4096.5821,25251.814255,22538.567436,340.8,120.3568
2020-01-02,4152.2408,25497.0701104,22679.19699,341.91,120.3399
2020-01-03,4144.9649,25451.57384,22540.758285,347.3,120.3506
2020-01-06,4129.2954,25289.537192400003,22632.414903999997,354.55,120.4014
2020-01-07,4160.2274,25387.6113634,22559.907419999996,351.35,120.4226
2020-01-08,4112.3172,25092.624211199996,22592.43225,356.61,120.4609
2020-01-09,4164.3697,25521.82399,22758.18259,345.84,120.4884
2020-01-10,4163.1849,25576.203656000005,22645.528785,346.79,120.5788
2020-01-13,4203.9883,25823.7527884,22774.574819,345.7,120.5998
2020-01-14,4189.8862,25618.230666,22638.63251,342.96,120.5494
2020-01-15,4166.7344,25465.7780936,22645.117005,344.97,120.5321
2020-01-16,4149.0434,25578.531393600002,22821.974567,345.45,120.5327
2020-01-17,4154.853,25749.218275599997,22933.756636,344.75,120.5651
2020-01-20,4185.8304,25452.704849,22862.502768,345.2,120.6337
2020-01-21,4114.3085,24705.729177300003,22782.611874,348.2,120.7276
2020-01-22,4131.9311,25117.2467,22871.245275,345.86,120.7557
2020-01-23,4003.9013,24725.5266816,22904.989304,347.88,120.8756
2020-02-03,3688.3578,23500.6740774,22498.446108,356.11,121.5677
2020-02-04,3785.6376,23962.2325546,23010.253261,354.06,121.5312
2020-02-05,3828.5272,24078.600586000004,23283.805987000003,351.7,121.5262
2020-02-06,3899.7751,24781.996369,23415.44133,349.39,121.5485
2020-02-07,3899.8693,24625.2029793,23216.767128,351.81,121.6734
2020-02-10,3916.0052,24507.1267042,23418.706367000003,353.0,121.7643
2020-02-11,3952.4643,24829.353743199998,23469.665175,352.43,121.7156
2020-02-12,3984.4325,24979.8037114,23560.849509999996,350.89,121.7243
2020-02-13,3959.9188,24905.9768,23545.04029,353.46,121.759
2020-02-14,3987.7342,25014.012767999997,23608.051487999997,353.79,121.7513
2020-02-17,4077.4241,25120.861812,23591.82672,355.29,121.7011
2020-02-18,4057.5108,24747.172082000005,23533.386953999998,357.23,121.7299
2020-02-19,4051.3107,24922.0331815,23707.11338,361.11,121.7421
2020-02-20,4144.6561,24873.3683356,23621.380398,362.29,121.7078
2020-02-21,4149.4903,24635.5505891,23434.34275,369.78,121.7583
2020-02-24,4132.8388,24174.4637704,22660.586894,376.9,121.8112
2020-02-25,4123.8543,24239.1371313,21970.044472,369.53,121.8147
2020-02-26,4073.0152,24025.2392106,21853.996514,371.76,121.8388
2020-02-27,4084.8759,24126.733261399997,20915.36334,371.3,121.91
2020-02-28,3940.0488,23481.9228938,20699.037851999998,365.36,122.0137
2020-03-02,4069.6662,23544.9881904,21573.204653,359.04,122.0159
2020-03-03,4091.3615,23481.0182506,20878.226892,358.64,121.9946
2020-03-04,4115.0524,23461.6726911,21758.716168,365.0,122.1193
2020-03-05,4206.7251,23902.101837799997,20987.050782,366.49,122.1268
2020-03-06,4138.5072,23326.7516405,20609.521869,372.4,122.2621
2020-03-09,3997.1325,22328.327777399998,19022.67456,373.46,122.6606
2020-03-10,4082.7315,22668.655452299998,19999.505747,367.01,122.493
2020-03-11,4028.4289,22606.0086634,19083.294456,370.0,122.4703
2020-03-12,3950.9111,21784.0868991,17275.425023999996,366.49,122.4377
2020-03-13,3895.3128,21635.1465693,18986.086366,356.02,122.3034
2020-03-16,3727.8398,20807.0303112,16707.205034,345.0,122.2885
2020-03-17,3709.6822,20985.9781957,17728.104386000003,331.07,122.1638
2020-03-18,3636.2565,20193.936819799997,16865.35768,338.39,122.1565
2020-03-19,3589.0926,19714.7122269,16991.500158,336.15,122.1192
2020-03-20,3653.2239,20878.725737099998,16376.917584,340.0,122.1516
2020-03-23,3530.3058,19837.205581600003,15872.1156,339.2,122.2386
2020-03-24,3625.1146,20749.7849044,17375.798267,356.71,122.3116
2020-03-25,3722.5181,21466.913971699996,17512.606551999997,362.98,122.3489
2020-03-26,3698.0472,21289.6278078,18592.490844,362.0,122.472
2020-03-27,3710.0605,21332.8851092,17898.810769,365.45,122.4824
2020-03-30,3674.1108,21056.441443800002,18503.961255000002,363.99,122.4872
2020-03-31,3686.1551,21566.499676,18312.078609,364.27,122.5831
2020-04-01,3675.0758,21072.0165383,17483.975550000003,360.0,122.7287
2020-04-02,3734.5306,21320.1117486,17939.726550000003,360.53,122.7279
2020-04-03,3713.2183,21313.321897499998,17695.29696,362.5,122.725
2020-04-07,3798.0214,22192.002882900004,18865.588599,371.0,123.2703
2020-04-08,3780.3445,21791.9427744,19382.684034,370.12,123.5301
2020-04-09,3792.8105,22111.1132703,19678.274352,370.3,123.5671
2020-04-10,3769.1782,22051.091455200003,19627.499627999998,372.1,123.4897
2020-04-13,3753.2566,22034.810234100005,19414.2589,371.95,123.414
2020-04-14,3825.6991,22191.008510000003,20037.970036,377.0,123.4566
2020-04-15,3797.3623,21928.5563346,19595.411072,374.01,123.5124
2020-04-16,3802.3806,21900.364141500002,19796.73787,378.3,123.588
2020-04-17,3839.4871,22243.093,20328.313407999998,369.92,123.5602
2020-04-20,3853.4551,22179.0029318,19947.601612000002,370.29,123.4909
2020-04-21,3808.0474,21720.8938595,19361.709312,374.64,123.5399
2020-04-22,3839.3834,21859.0793296,19847.947693,373.5,123.6166
2020-04-23,3829.7525,21928.937552399995,19832.764860000003,378.8,123.7468
2020-04-24,3796.9721,21768.7283885,20084.970221999996,381.14,123.7909
2020-04-27,3822.769,22149.557714999995,20351.717144,380.45,123.7423
2020-04-28,3849.1465,22419.9110292,20247.03069,377.04,123.7603
2020-04-29,3867.032,22480.3756698,20783.511504,378.1,123.8494
2020-04-30,3912.5772,22439.4673104,20553.309752999998,380.94,123.7952
2020-05-06,3936.2539,22008.0715144,20135.48098,380.3,123.7259
2020-05-07,3924.8946,21942.9958689,20436.568789,379.88,123.529
2020-05-08,3963.6217,22128.929657599998,20739.468240000002,383.5,123.4602
2020-05-11,3960.1803,22462.1728212,20737.581608,381.26,123.1579
2020-05-12,3960.2378,22184.5547432,20354.604028,380.99,123.1357
2020-05-13,3968.2529,22111.433532,19986.75,381.1,123.0876
2020-05-14,3925.2177,21812.075914200002,20237.917,383.49,123.0865
2020-05-15,3912.8159,21776.350872900002,20313.94232,388.81,123.1405
2020-05-18,3922.9117,21931.9084464,20981.62273,398.21,122.9885
2020-05-19,3956.2495,22311.4807305,20727.152127999998,392.39,122.9232
2020-05-20,3935.222,22337.9102255,21085.355916,396.73,122.9
2020-05-21,3913.7949,22201.416631699998,20895.500668,391.99,122.8775
2020-05-22,3824.064,20976.492072,20965.666755,392.0,123.0292
2020-05-25,3829.3245,21072.222021600002,21045.463905,391.33,122.8267
2020-05-26,3872.7701,21504.0656428,21329.225861,393.16,122.588
2020-05-27,3845.6135,21367.580133599997,21584.455395999998,390.0,122.4123
2020-05-28,3856.6324,21268.4908716,21595.006521,392.41,122.4425
2020-05-29,3867.0232,21122.0266383,21710.801196,391.93,122.4602
2020-06-01,3971.3402,21833.4437496,21791.938495,395.99,122.4021
2020-06-02,3983.5677,22033.3120674,21925.271694,394.8,122.0323
2020-06-03,3983.6477,22307.080052399997,22195.486238,391.2,121.7427
2020-06-04,3982.1851,22325.866038,22101.41982,387.86,121.5451
2020-06-05,4001.2509,22681.2736206,22665.724244999998,387.84,121.3562
2020-06-08,4021.9549,22660.5860743,22911.826798000002,384.22,121.35
2020-06-09,4047.0293,22861.7063836,22678.290498,384.61,121.3759
2020-06-10,4039.7051,22852.6181817,22555.246841999997,388.89,121.3786
2020-06-11,3995.8846,22301.41665,21197.22768,391.9,121.4872
2020-06-12,4003.0829,22218.751734000005,21552.243315,391.13,121.5979
2020-06-15,3954.9883,21752.104938,21742.736418,388.53,121.5859
2020-06-16,4014.5702,22224.4500837,22109.097869999998,389.59,121.3373
2020-06-17,4017.5941,22387.5150027,22066.237676999997,390.5,121.2131
2020-06-18,4044.3842,22381.750358999998,22088.695202000003,389.89,121.2726
2020-06-19,4098.7095,22548.1735944,21967.003662,390.67,121.1982
2020-06-22,4102.0459,22411.943729,22094.71489,393.82,121.035
2020-06-23,4121.7944,22711.757979,22129.139559,394.5,120.9556
2020-06-24,4138.9895,22560.406984600002,21521.603314999997,397.0,121.1343
2020-06-29,4109.7164,22201.8924208,21619.381792,397.15,121.2278
2020-06-30,4163.9637,22312.772433599996,21948.503055,397.76,121.3123
2020-07-01,4247.7835,22285.4139808,22032.24606,400.82,121.3231
2020-07-02,4335.8445,22874.5700274,22087.228566,396.04,121.347
2020-07-03,4419.5955,23125.569030399998,22109.764638,397.55,121.2661
2020-07-06,4670.0949,24014.9925216,22468.855435999998,396.97,120.7999
2020-07-07,4698.1264,23565.6382652,22114.744920000005,397.46,120.6397
2020-07-08,4774.0042,23669.901578399997,22255.197758000002,399.39,120.4735
2020-07-09,4840.7712,23702.3718912,22091.142425000002,401.99,120.2216
2020-07-10,4753.1333,23218.4729768,22277.125271999997,399.79,120.2728
2020-07-13,4852.9612,23261.1423484,22075.49673,401.18,120.0771
2020-07-14,4806.6902,23007.2990067,22381.360992,400.33,120.1054
2020-07-15,4744.4687,23005.789687200006,22580.112192,400.39,120.1846
2020-07-16,4516.2532,22518.0688282,22481.014541,399.79,120.2866
2020-07-17,4544.7007,22664.8035029,22586.976339,397.44,120.3112
2020-07-20,4680.3046,22598.548281500003,22739.466752,398.69,120.3604
2020-07-21,4691.0425,23103.625861800003,22756.149260000002,401.66,120.5638
2020-07-22,4714.4454,22539.61703,22839.756235999997,410.44,120.6609
2020-07-23,4712.4357,22786.97337,22624.058286,412.65,120.6556
2020-07-24,4505.5906,22290.383992500003,22489.473094,417.95,120.8059
2020-07-27,4528.45,22227.569214399995,22685.264289,426.85,120.8
2020-07-28,4568.2576,22339.3317852,22495.28638,425.2,120.6729
2020-07-29,4679.008,22464.0011292,22798.978836000002,427.07,120.5961
2020-07-30,4656.1506,22287.9637564,22691.727044,422.0,120.5805
2020-07-31,4695.0462,22166.5591875,22848.118975999998,428.97,120.502
2020-08-03,4771.3108,22084.2239022,23055.68078,427.68,120.5063
2020-08-04,4775.8024,22468.1823095,23080.431753,428.09,120.4993
2020-08-05,4777.1089,22592.537025400004,23211.861304000002,439.59,120.4827
2020-08-06,4762.7642,22336.553151000004,23255.897208,442.99,120.4257
2020-08-07,4707.9262,21969.7829234,23260.564224,445.99,120.3713
2020-08-10,4724.8697,21906.7774695,23405.337503,441.9,120.4323
2020-08-11,4681.7837,22388.6688464,23239.486359,433.0,120.4294
2020-08-12,4647.6446,22669.129960000002,23526.221895000002,407.0,120.3997
2020-08-13,4635.7126,22599.868039099998,23421.387146999998,412.5,120.4079
2020-08-14,4704.6288,22551.637285099998,23409.265424999998,416.54,120.4438
2020-08-17,4815.2261,22683.334565999998,23458.159037999998,420.7,120.4754
2020-08-18,4812.7564,22690.6140624,23499.64985,430.0,120.4166
2020-08-19,4740.6784,22471.4218077,23343.16248,423.88,120.3269
2020-08-20,4679.1544,22159.7839515,23452.781974,415.6,120.2328
2020-08-21,4718.8431,22393.257712799998,23476.753612,414.99,120.2318
2020-08-24,4755.8491,22812.1951082,23742.398832000003,415.71,120.1348
2020-08-25,4761.9507,22750.529145200002,23823.996246,413.0,119.9813
2020-08-26,4706.1302,22720.832427,24030.718967,412.58,119.9409
2020-08-27,4731.3451,22476.2064075,24009.594865,417.6,119.8631
2020-08-28,4844.2652,22597.923354600003,24167.031691,418.18,119.804
2020-08-31,4816.2153,22286.72466,24013.876754999998,419.0,119.8824
2020-09-01,4842.1223,22259.1259755,24156.84717,423.98,119.8365
2020-09-02,4843.887,22162.7018043,24484.351584,418.3,119.7197
2020-09-03,4817.0952,22044.449475999998,23604.624414,414.5,119.673
2020-09-04,4770.219,21782.1277635,23426.355864,414.8,119.6266
2020-09-07,4669.3677,21696.923574,23435.608656,413.22,119.545
2020-09-08,4694.3894,21720.3915838,22777.790976,414.5,119.563
2020-09-09,4584.5887,21602.150161200003,23256.704008,414.78,119.6914
2020-09-10,4581.9775,21435.5462702,22817.019189,417.43,119.7108
2020-09-11,4627.2826,21621.720744000002,22848.559733,416.29,119.6162
2020-09-14,4651.0507,21733.4661684,23130.217794,415.5,119.5672
2020-09-15,4688.4826,21771.7539728,23203.66664,417.03,119.6095
2020-09-16,4657.3584,21638.882350800002,22962.085925,416.46,119.6262
2020-09-17,4632.7142,21254.917037,22718.565175000003,413.7,119.6024
2020-09-18,4737.0887,21328.296723299998,22436.629677,415.48,119.6014
2020-09-21,4691.4281,20889.552311099997,22178.32507,415.27,119.6359
2020-09-22,4635.7608,20770.268556,22503.436704000003,405.58,119.6827
2020-09-23,4652.3273,20827.404622199996,22006.524312,400.67,119.6723
2020-09-24,4563.0657,20461.524803199998,22085.902452,395.29,119.6909
2020-09-25,4570.0216,20423.0047632,22469.439366,400.0,119.5944
2020-09-28,4581.9085,20674.183432499998,22875.34032,399.21,119.5929
2020-09-29,4591.7993,20473.6216986,22738.232537,403.8,119.5713
2020-09-30,4587.3953,20613.936415999997,22902.3663,402.97,119.5184
2020-10-09,4681.1412,21098.932541399998,23573.550548000003,404.49,119.4819
2020-10-12,4823.1578,21350.0738352,23723.805172,408.79,119.4737
2020-10-13,4839.201,21404.0566344,23633.884128,406.63,119.4674
2020-10-14,4807.1021,21475.415224900004,23539.103091,402.85,119.4459
2020-10-15,4798.7361,21001.985163600002,23468.654916,402.3,119.4315
2020-10-16,4791.676,21186.999284100002,23457.189492,404.0,119.424
2020-10-19,4755.4879,21220.219686399996,22963.790920000003,404.4,119.4767
2020-10-20,4793.4672,21218.5004394,23044.80216,401.0,119.5104
2020-10-21,4792.8284,21330.636169799996,22943.013236,404.1,119.5812
2020-10-22,4777.9845,21285.832721400002,22985.048044,404.01,119.658
2020-10-23,4718.4881,21447.0955704,23115.190917,402.74,119.6443
2020-10-26,4691.2359,21454.0728288,22692.972325,400.9,119.631
2020-10-27,4699.2792,21425.3034203,22713.826252,404.02,119.681
2020-10-28,4737.2718,21423.270864000002,21979.686085,404.6,119.6653
2020-10-29,4772.9198,21335.759748,22263.79986,399.47,119.683
2020-10-30,4695.3338,20906.436772399997,21984.595072,397.21,119.6957
2020-11-02,4720.8313,21153.016648,22195.1592,399.9,119.7438
2020-11-03,4777.5608,21542.4399794,22558.884612,401.56,119.7988
2020-11-04,4813.6564,21432.6903522,22992.193224000002,402.66,119.8371
2020-11-05,4885.1118,22164.2727552,23483.155275,402.37,119.8318
2020-11-06,4885.7178,21984.075090600003,23264.07776,406.94,119.7991
2020-11-09,4981.3497,22187.6304228,23476.97115,406.2,119.7326
2020-11-10,4953.8756,22355.4689556,23363.979041000002,396.69,119.7286
2020-11-11,4904.8981,22347.4851184,23604.56462,396.0,119.7269
2020-11-12,4908.463,22353.884396,23427.739436,394.39,119.6531
2020-11-13,4856.8513,22360.191771,23764.166775,395.93,119.5637
2020-11-16,4904.1716,22473.7532229,23955.015167999998,396.01,119.5611
2020-11-17,4894.786,22404.7510362,23736.991186000003,395.8,119.5146
2020-11-18,4891.6716,22458.592883200003,23402.204947,393.72,119.4316
2020-11-19,4927.9891,22264.259698399997,23455.517508,391.5,119.3437
2020-11-20,4943.2882,22443.867174600004,23403.632643999998,392.1,119.3126
2020-11-23,5005.0273,22452.881464000002,23511.563721000002,391.65,119.372
2020-11-24,4974.2855,22572.05239,23924.269669,383.36,119.3671
2020-11-25,4910.7,22621.28195,23864.585785000003,378.45,119.4292
2020-11-26,4919.5912,22759.789853500002,23875.8377,378.85,119.4336
2020-11-27,4980.765,22816.101778,23923.970425,377.5,119.4148
2020-11-30,4960.2519,22355.2323183,23823.806466000002,370.58,119.5906
2020-12-01,5067.0983,22593.4207488,24143.236645,372.99,119.5859
2020-12-02,5067.1447,22455.849083,24072.741511,378.43,119.5463
2020-12-03,5057.0603,22616.05299,24050.749824,382.98,119.5494
2020-12-04,5065.9163,22679.035992,24231.825384000003,383.38,119.591
2020-12-07,5022.2351,22353.226604999996,24131.388952,382.52,119.5905
2020-12-08,5009.8786,22168.4309856,24183.097,386.76,119.6497
2020-12-09,4942.6986,22330.7629272,23987.554702,384.75,119.6583
2020-12-10,4940.5249,22306.384314,24017.25156,381.46,119.701
2020-12-11,4889.6292,22365.918164699997,23960.86013,381.46,119.6338
2020-12-14,4934.8352,22252.1710544,23840.359389,380.46,119.6543
2020-12-15,4945.1,22121.573489,24175.376508,383.8,119.7106
2020-12-16,4953.867,22309.1997048,24188.996535,385.44,119.7615
2020-12-17,5017.4784,22493.6093132,24330.873776,388.7,119.7668
2020-12-18,4999.9678,22326.130444000002,24228.011414999997,390.34,119.7853
2020-12-21,5046.8396,22228.618466400003,24204.312444000003,395.96,119.871
2020-12-22,4964.7727,22027.6694875,24109.886962000004,390.32,119.9975
2020-12-23,5007.1235,22276.252221999996,24190.967558000004,390.12,120.0343
2020-12-24,5000.0154,22245.717139200002,24203.570466,390.4,119.9921
2020-12-25,5042.0137,22234.898649600003,24193.201898000003,392.21,120.0637
2020-12-28,5064.4147,22140.8665357,24367.994496,391.61,120.1288
2020-12-29,5042.9361,22427.2594637,24393.849503999998,390.66,120.1648
2020-12-30,5113.7105,22872.797530499996,24379.5513,390.39,120.2598
2020-12-31,5211.2885,22918.8082532,24507.981143,390.0,120.2792
2021-01-04,5267.7181,23176.8867003,24205.211520000004,398.09,120.2416
2021-01-05,5368.5049,23095.0985622,24135.145360000002,401.0,120.3246
2021-01-06,5417.6677,23075.716666999997,24214.483656,400.73,120.382
2021-01-07,5513.6568,22956.4572012,24575.526432000002,398.49,120.4636
2021-01-08,5495.4306,23266.3260654,24748.739344,395.97,120.4734
2021-01-11,5441.1583,23307.2708508,24607.794204,385.0,120.4669
2021-01-12,5596.3525,23635.96979,24640.453937000002,387.99,120.5198
2021-01-13,5577.9711,23524.772495999998,24613.47132,386.5,120.6222
2021-01-14,5470.4563,23796.0179744,24574.603284,383.7,120.6793
2021-01-15,5458.0812,23820.0269118,24355.330225,385.41,120.5864
2021-01-18,5518.5205,24138.5118064,24435.217125000003,384.6,120.4782
2021-01-19,5437.5234,24806.4384408,24648.467753,384.97,120.4791
2021-01-20,5476.4336,25060.609908000002,24973.85466,386.76,120.5019
2021-01-21,5564.9693,24978.0077736,24927.821672000005,389.46,120.5811
2021-01-22,5569.776,24547.138802999998,24822.426698999996,388.09,120.5984
2021-01-25,5625.9232,25216.551441199997,24990.057984000003,386.0,120.5782
2021-01-26,5512.9678,24588.1402908,24963.630814,387.45,120.4585
2021-01-27,5528.0034,24438.8276248,24254.354205,385.39,120.4393
2021-01-28,5377.1427,23881.8625819,24559.265610000002,382.23,120.3163
2021-01-29,5351.9646,23606.1500402,24034.475616,384.5,120.2872
2021-02-01,5417.6484,24082.198809999998,24387.815478,388.47,120.3423
2021-02-02,5501.0915,24422.079526,24770.000416,384.83,120.3667
2021-02-03,5485.2008,24450.041579599998,24769.326373000004,382.36,120.2751
2021-02-04,5473.9475,24264.646575000002,25013.376269999997,379.5,120.2181
2021-02-05,5483.414,24446.0896488,25151.67693,376.23,120.2081
2021-02-08,5564.5618,24460.061042200003,25325.253001999998,378.59,120.1917
2021-02-09,5686.2502,24537.454365499998,25240.340559,382.74,120.222
2021-02-10,5807.7191,24951.362380799997,25176.108308,383.0,120.1976
2021-02-18,5768.3814,25469.0325115,25259.196792,372.06,120.0926
2021-02-19,5778.842,25544.8340334,25246.722704,370.67,120.1648
2021-02-22,5597.3327,25247.9288376,25027.84695,374.5,120.1601
2021-02-23,5579.6681,25488.1944384,25041.046692,377.99,120.1834
2021-02-24,5437.5683,24766.8840336,25364.165945,377.28,120.2206
2021-02-25,5469.5584,25023.213148499995,24707.667548,373.04,120.1974
2021-02-26,5336.7609,24183.695442899996,24663.094995000003,368.26,120.1545
2021-03-01,5418.7837,24587.5944874,25265.845228,367.37,120.2158
2021-03-02,5349.6301,24242.088634800002,25011.749125000002,360.42,120.227
2021-03-03,5452.2125,24868.875957599997,24662.02218,362.08,120.2205
2021-03-04,5280.7058,24407.749395700004,24403.858026,359.0,120.2114
2021-03-05,5262.7958,24334.0269783,24935.727376,355.7,120.2563
2021-03-08,5080.0246,23819.3204931,24760.437325000003,358.95,120.2805
2021-03-09,4970.9994,24204.041076,25321.349872000003,357.75,120.2796
2021-03-10,5003.6121,24246.1824,25383.592385999997,361.07,120.3095
2021-03-11,5128.2156,24600.7511237,25593.891980000004,364.91,120.3188
2021-03-12,5146.3786,24021.5201676,25570.588230000005,359.62,120.3036
2021-03-15,5035.5441,24144.5256112,25802.078940000003,362.88,120.28
2021-03-16,5079.3624,24311.8514826,25769.106859,363.26,120.2834
2021-03-17,5100.8581,24291.9771804,25823.036935999997,364.7,120.3164
2021-03-18,5141.7681,24564.656316400004,25395.282014,366.79,120.3153
2021-03-19,5007.0907,24301.945364399995,25473.49838,366.64,120.3573
2021-03-22,5057.152,24244.910129,25689.100269000002,364.4,120.3886
2021-03-23,5009.2459,23865.700828600002,25432.457872000003,366.2,120.4025
2021-03-24,4928.6853,23440.628706800002,25368.082392,364.59,120.4832
2021-03-25,4926.3469,23444.8792713,25522.128464000005,365.68,120.4937
2021-03-26,5037.9899,23842.5555663,25983.952704,365.1,120.4772
2021-03-29,5046.8773,23860.281833999998,25977.282344,365.4,120.4837
2021-03-30,5094.7291,24129.983675,25984.318055,360.66,120.4836
2021-03-31,5048.3607,23984.813853,26107.052056999997,356.79,120.5219
2021-04-01,5110.7768,24415.036163200002,26363.915408,364.49,120.5216
2021-04-02,5161.5569,24434.425119000003,26390.044563,368.04,120.547
2021-04-06,5140.3418,24387.5443602,26695.306638,366.39,120.5488
2021-04-07,5103.7428,24108.911595999998,26676.34508,368.14,120.5299
2021-04-08,5112.2086,24392.886062999998,26821.303970999998,369.2,120.5258
2021-04-09,5035.3374,24134.542848,27006.067920000005,370.15,120.5408
2021-04-12,4947.7459,23992.659294399997,27070.532821999997,368.62,120.5628
2021-04-13,4939.6438,23995.5394175,27108.363186,365.59,120.6615
2021-04-14,4980.6279,24300.6848889,26959.602692,368.6,120.6901
2021-04-15,4948.9741,24209.5600434,27231.591474,368.52,120.7269
2021-04-16,4966.1811,24351.938226,27326.096536000005,371.8,120.7455
2021-04-19,5087.0165,24429.373818000004,27158.193958000003,374.7,120.7666
2021-04-20,5083.3654,24420.4034568,26919.699881999997,371.44,120.8098
2021-04-21,5098.7449,23984.310302399997,27146.427732,374.65,120.8482
2021-04-22,5089.2435,24039.751793400002,26836.847195999995,375.2,120.829
2021-04-23,5135.4534,24330.190125,27143.515878000002,373.81,120.799
2021-04-26,5077.2372,24219.042295000003,27183.097706,372.83,120.704
2021-04-27,5090.5195,24211.6241178,27181.860928000002,372.97,120.6736
2021-04-28,5119.2421,24288.2324298,27129.177254000002,370.0,120.6639
2021-04-29,5164.1692,24430.7139272,27254.528105,372.44,120.6861
2021-04-30,5123.489,23929.548532800003,27040.462624,370.97,120.7244
2021-05-06,5061.1244,23919.438465,27266.41299,375.35,120.8065
2021-05-07,4996.0527,23818.938338,27375.61028,379.82,120.8564
2021-05-10,4992.422,23722.6735794,26983.960275,380.7,120.8792
2021-05-11,5023.0595,23177.505841600003,26678.90334,380.7,120.9261
2021-05-12,5044.5481,23353.845529600003,26108.282432000004,381.29,120.9672
2021-05-13,4992.9738,23059.161572999998,26571.684999999998,379.41,120.9469
2021-05-14,5110.5901,23282.502398999997,26931.767125000002,381.13,120.9584
2021-05-17,5184.9853,23341.3232292,26772.869003000003,385.57,120.9399
2021-05-18,5187.6013,23694.832532700002,26565.475531000004,388.2,120.9522
2021-05-19,5172.272,23660.2340226,26445.30184,388.83,121.0043
2021-05-20,5186.412,23618.008243500004,26811.351167999997,389.14,121.0767
2021-05-21,5134.1483,23573.264189600002,26722.179799999998,389.4,121.1363
2021-05-24,5155.5875,23570.5267734,27032.359640000002,390.8,121.1283
2021-05-25,5318.478,23936.4574284,26922.556079,389.68,121.1172
2021-05-26,5320.5927,24083.832757499997,26895.876301,393.2,121.1554
2021-05-27,5338.2329,24012.858492,26898.23464,390.5,121.128
2021-05-28,5321.0886,23963.855792100003,26846.605638,388.82,121.0957
2021-05-31,5331.5696,23917.011274000004,26772.613302,391.1,121.1159
2021-06-01,5341.6798,24138.122839999996,26713.208688000002,393.5,121.1394
2021-06-02,5289.9736,24079.1279256,26836.443676,387.97,121.1141
2021-06-03,5255.2855,23821.373411700002,26754.995135,385.44,121.14
2021-06-04,5282.2772,23882.012884999996,27101.751208000005,382.51,121.0599
2021-06-07,5277.6271,23738.854706399998,27034.089876000002,384.29,120.9557
2021-06-08,5232.1165,23706.3592646,27015.995934000002,385.3,120.9632
2021-06-09,5236.4493,23691.1127775,26986.553979999997,386.0,120.9561
2021-06-10,5271.4661,23690.6083392,27118.882296000003,384.73,120.9819
2021-06-11,5224.703,23734.4771983,27122.452863999995,388.01,120.9374
2021-06-15,5166.5597,23638.8154326,27207.902130000002,381.99,120.9293
2021-06-16,5080.4909,23472.905209599998,27064.62486,381.09,120.9025
2021-06-17,5101.8924,23652.5098239,27145.715428,374.0,120.8351
2021-06-18,5102.4657,23874.2367411,26815.688844999997,371.0,120.8263
2021-06-21,5090.3854,23688.03372,27269.329534,370.58,120.8765
2021-06-22,5122.1583,23559.382271999995,27437.522771999997,371.56,120.8761
2021-06-23,5147.3938,23978.9721177,27411.194264,371.93,120.913
2021-06-24,5155.9738,24110.7887834,27657.094775999998,370.35,120.9409
2021-06-25,5239.9684,24429.5971842,27714.964079999998,370.74,120.9657
2021-06-28,5251.7604,24352.689015,27707.901257999998,371.16,120.9998
2021-06-29,5190.5445,24118.452144,27710.86506,369.29,121.028
2021-06-30,5224.041,23987.160635999997,27762.279749999998,365.82,121.0638
2021-07-01,5229.6642,24024.060412,27953.899746,370.26,121.0751
2021-07-02,5081.1172,23593.337819599994,28164.862608,371.09,121.0851
2021-07-05,5085.7924,23442.691195,28157.463630000002,372.5,121.145
2021-07-06,5083.1043,23350.4434908,28064.915001999998,375.99,121.1434
2021-07-07,5140.4899,23312.4465312,28224.121506000003,375.39,121.2298
2021-07-08,5088.2566,22616.656570900002,27957.865809999996,376.0,121.5165
2021-07-09,5069.4361,22794.408544,28295.021025,376.69,121.497
2021-07-12,5132.7088,22947.9853124,28405.825455000002,375.62,121.6549
2021-07-13,5142.0991,23316.730160299998,28293.693197000004,376.87,121.7333
2021-07-14,5083.0849,23187.245996999998,28348.088579999996,377.71,121.7817
2021-07-15,5151.4626,23299.0558194,28183.233919999995,380.5,121.7317
2021-07-16,5094.7727,23327.338346400004,27998.888779999997,379.24,121.7564
2021-07-19,5113.4945,22895.687966399997,27552.430299999996,376.5,121.7653
2021-07-20,5108.9941,22750.024865,28037.20563,378.48,121.8421
2021-07-21,5144.0428,22710.2001444,28259.566615,377.03,121.9157
2021-07-22,5151.7517,23058.7494432,28236.194947999997,375.01,121.9379
2021-07-23,5089.2282,22730.521260999998,28522.22235,376.37,122.0095
2021-07-26,4925.299,21829.4652576,28640.14149,377.68,122.1334
2021-07-27,4751.313,20879.184824699998,28492.411164000005,376.49,122.0922
2021-07-28,4760.4826,21250.8201736,28572.915456000002,377.94,122.0387
2021-07-29,4850.2746,21973.8185064,28698.843929999995,378.78,122.1138
2021-07-30,4811.1695,21578.808136,28394.258652,380.9,122.275
2021-08-02,4933.736,21824.250229999998,28367.37656,376.25,122.4326
2021-08-03,4934.4583,21768.6812646,28577.972149999998,376.91,122.4003
2021-08-04,4978.8479,21969.7123425,28465.39823,377.46,122.3698
2021-08-05,4948.6703,21797.8472827,28652.290810000002,376.75,122.4575
2021-08-06,4921.5647,21755.866782,28671.010500000004,374.73,122.4483
2021-08-09,4985.5627,21903.271389999998,28739.3574,365.44,122.2904
2021-08-10,5043.148,22168.866808799998,28768.77435,363.5,122.2449
2021-08-11,5015.3406,22211.645702399997,28834.883869999998,362.37,122.2212
2021-08-12,4973.3509,22074.2289026,28885.658581999996,366.8,122.2796
2021-08-13,4945.9829,21974.718476799997,28952.193199999998,367.69,122.2339
2021-08-16,4941.0676,21769.360360799998,28991.339206999997,371.14,122.207
2021-08-17,4837.4034,21416.9594182,28807.99012,374.7,122.2179
2021-08-18,4894.2384,21542.821938299996,28564.352705,374.2,122.3104
2021-08-19,4862.1394,21076.3510516,28572.93474,372.87,122.3684
2021-08-20,4769.2678,20731.1274072,28863.748328,374.39,122.3654
2021-08-23,4835.8782,20941.900251799998,29103.058457,373.66,122.2996
2021-08-24,4888.3902,21396.624668,29073.013514999995,376.44,122.302
2021-08-25,4898.1572,21352.700208000002,29102.938631999994,374.4,122.3165
2021-08-26,4801.6094,21135.9419609,28934.309999999998,373.27,122.2241
2021-08-27,4827.0433,21160.7071076,29249.126631,376.39,122.233
2021-08-30,4813.2703,21207.7786206,29290.855083,377.5,122.2667
2021-08-31,4805.6099,21497.676992999997,29252.241972,377.55,122.2956
2021-09-01,4869.4587,21647.728793000002,29261.81412,377.38,122.3484
2021-09-02,4869.4113,21671.2329666,29305.97483,377.29,122.348
2021-09-03,4843.0624,21526.6258492,29288.446311000003,376.95,122.338
2021-09-06,4933.7262,21723.661989,29266.676247,379.43,122.338
2021-09-07,4992.8294,21879.0471623,29169.109599,378.5,122.3046
2021-09-08,4972.1324,21896.6448763,29194.296318,374.85,122.2677
2021-09-09,4970.0133,21366.65292,29033.328719999998,373.17,122.2423
2021-09-10,5013.5219,21754.0500092,28787.267627999998,374.09,122.2158
2021-09-13,4991.6598,21404.811252000003,28821.967880999997,372.95,122.1957
2021-09-14,4917.1617,21143.898892999998,28657.6725,373.0,122.137
2021-09-15,4867.3187,20753.5324184,28896.930439999996,374.1,122.1294
2021-09-16,4807.6978,20393.1582735,28779.63375,371.09,122.0978
2021-09-17,4855.9402,20660.8052856,28604.754573,367.73,122.1263
2021-09-22,4821.7675,20123.9820782,28436.713852,372.23,122.1284
2021-09-23,4853.1957,20382.595638599996,28806.700601999997,368.54,122.1285
2021-09-24,4849.4277,20072.235152,28781.955252,366.69,122.103
2021-09-27,4877.3698,20118.4645312,28744.700145,367.74,122.071
2021-09-28,4883.828,20337.5287351,28121.471904000005,364.62,122.0218
2021-09-29,4833.9281,20488.955990000002,28189.140251999997,363.64,122.0446
2021-09-30,4866.3826,20472.9826584,27936.119915999996,362.14,122.0696
2021-10-08,4929.9409,20610.6963085,28369.812936000002,365.9,122.0692
2021-10-11,4936.1918,20977.531799700002,28120.517000999997,365.15,121.9347
2021-10-12,4883.8369,20674.765915699998,28038.634055,367.37,121.8885
2021-10-13,4940.1089,20727.9362324,28195.384560000002,367.16,121.8652
2021-10-14,4913.6123,20671.2711531,28588.607964,371.99,121.8669
2021-10-15,4932.1084,20964.915734399998,28789.362882,371.09,121.8194
2021-10-18,4874.7753,21003.191155,28847.9378,366.36,121.5688
2021-10-19,4922.7232,21320.6073559,29064.384641000004,367.87,121.5889
2021-10-20,4910.1846,21533.7282382,29062.915710999998,366.64,121.6281
2021-10-21,4928.0156,21383.027381099997,29068.544419999995,368.2,121.6857
2021-10-22,4959.7254,21517.6170094,29101.903680000003,369.89,121.671
2021-10-25,4979.5235,21490.197511099996,29190.766752,369.5,121.6607
2021-10-26,4963.0984,21396.9483725,29228.333309999998,370.45,121.6865
2021-10-27,4898.1644,21043.5021266,29065.207808,367.49,121.704
2021-10-28,4864.138,21013.9656644,29397.323394000003,371.67,121.7405
2021-10-29,4908.7701,20850.955473600003,29431.601966000006,370.19,121.7673
2021-11-01,4890.6851,20756.5902344,29616.070464,368.58,121.8444
2021-11-02,4839.8457,20637.450667399997,29640.327585,370.23,121.9421
2021-11-03,4821.1119,20607.381129999998,29864.466502999996,367.35,121.9757
2021-11-04,4868.7419,20723.7548445,29925.707658,366.4,121.9997
2021-11-05,4842.3458,20444.3053353,30054.796939999997,370.89,122.1346
2021-11-08,4848.1795,20350.123272900004,30071.60303,374.61,122.1433
2021-11-09,4846.7444,20359.421296300003,29940.153075,375.89,122.108
2021-11-10,4821.1925,20518.831403199998,29714.781108,375.67,122.1136
2021-11-11,4898.6529,20784.3978479,29822.742415000004,382.2,122.0642
2021-11-12,4888.3749,20826.9364513,30000.678525,382.15,122.0676
2021-11-15,4882.3777,20821.8157455,29921.218880000004,380.68,122.1161
2021-11-16,4883.3206,21103.0421082,30050.03316,382.39,122.1243
2021-11-17,4885.7544,21056.920174400002,29977.011645000002,381.7,122.1222
2021-11-18,4837.6185,20740.1422436,30016.376562,382.5,122.1454
2021-11-19,4890.0575,20524.4424198,29984.7297,382.68,122.1314
2021-11-22,4912.399,20484.0520864,29948.337888,378.51,122.1487
2021-11-23,4913.3457,20229.086548000003,29987.17603,372.48,122.1524
2021-11-24,4916.6579,20242.356855,30043.739838,369.89,122.224
2021-11-25,4896.4416,20298.064272,30079.94108,369.78,122.2575
2021-11-26,4860.1265,19745.0631792,29376.162432,372.18,122.3286
2021-11-29,4851.423,19537.846828800004,29734.140544,369.44,122.3284
2021-11-30,4832.026,19200.884659199997,29134.719800000003,368.51,122.3212
2021-12-01,4843.851,19324.842445199996,28744.905671999997,367.32,122.3102
2021-12-02,4856.163,19451.256503800003,29164.823490000002,365.55,122.2877
2021-12-03,4901.0175,19441.865420699996,28927.045134000004,365.16,122.257
2021-12-06,4892.6209,19077.3774352,29249.856234,367.99,122.4381
2021-12-07,4922.1015,19600.1664618,29872.40715,367.47,122.4147
2021-12-08,4995.9298,19593.6843237,29935.894917,367.73,122.3772
2021-12-09,5078.6901,19751.2175952,29637.37401,366.67,122.3566
2021-12-10,5055.1172,19603.0634968,30016.509804,365.85,122.3796
2021-12-13,5083.8007,19555.8004746,29726.865093000004,367.52,122.3772
2021-12-14,5049.6953,19287.171559500002,29507.568075,367.63,122.4172
2021-12-15,5005.8991,19128.2031072,30009.280260000003,363.94,122.4346
2021-12-16,5034.7321,19144.974514999998,29710.015279,367.35,122.4387
2021-12-17,4954.7599,18917.7644384,29410.835664000002,371.99,122.4543
2021-12-20,4880.4178,18635.7735924,29204.722266000004,371.0,122.4429
2021-12-21,4913.4853,18767.3468967,29629.077866999996,368.9,122.4154
2021-12-22,4914.4544,18866.2867712,29918.496168,367.8,122.4389
2021-12-23,4948.7389,18927.6337948,30080.125928999998,371.82,122.5027
2021-12-24,4921.3449,18966.844792,30099.501667999997,372.69,122.5233
2021-12-27,4919.3238,18964.2901784,30513.172633999995,372.27,122.5814
2021-12-28,4955.9644,19024.1752152,30502.45128,373.55,122.6139
2021-12-29,4883.4804,18869.5526036,30548.56791,371.61,122.6786
2021-12-30,4921.5109,18871.6495253,30428.085401999997,369.79,122.7768
2021-12-31,4940.3733,19129.934992000002,30387.733826000003,373.85,122.8066
2022-01-04,4917.7653,19053.418104,30579.909076,371.3,122.853
2022-01-05,4868.1202,18746.37711,29979.829181999998,372.84,122.8856
2022-01-06,4818.2318,18859.5250354,29926.98744,370.84,122.8324
2022-01-07,4822.3689,19195.7359966,29812.324625999994,368.37,122.8334
2022-01-10,4844.0451,19382.4008788,29727.796937,368.87,122.8699
2022-01-11,4797.7735,19392.200723399998,30014.714988,372.06,122.9203
2022-01-12,4845.5787,19927.3000654,30086.998830000004,373.31,122.982
2022-01-13,4765.9191,19922.2331373,29604.408425999998,374.29,123.0099
2022-01-14,4726.7317,19934.583266,29691.629945000004,374.18,123.0411
2022-01-17,4767.2762,19780.076002499998,29655.259715,372.89,123.113
2022-01-18,4813.3472,19661.0785564,29074.260431,371.64,123.2703
2022-01-19,4780.3784,19700.1482465,28839.232224000003,371.8,123.4557
2022-01-20,4823.5091,20332.172873999996,28458.611405,376.39,123.4802
2022-01-21,4779.3142,20351.417049,27923.400647999995,376.64,123.5713
2022-01-24,4786.7377,20075.782861199998,27965.075343,375.72,123.7156
2022-01-25,4678.4511,19747.1476533,27627.734609999996,376.34,123.6931
2022-01-26,4712.3109,19731.171568,27511.567278000002,376.67,123.6004
2022-01-27,4619.8765,19370.08941,27422.285682000005,370.28,123.5565
2022-01-28,4563.772,19269.6174592,28251.271010000004,369.04,123.6166
2022-02-07,4634.0899,20062.811891999998,28508.44546,371.35,123.6649
2022-02-08,4608.7729,19847.2680573,28742.977626000004,373.11,123.6777
2022-02-09,4652.0609,20277.9079333,29198.776854,374.87,123.6405
2022-02-10,4639.8625,20343.752956999997,28645.498391999998,375.7,123.6491
2022-02-11,4601.3953,20337.7822896,28138.341384,373.84,123.3671
2022-02-14,4551.6878,20040.8623427,28022.791888,379.9,123.3372
2022-02-15,4600.1025,19855.2619062,28438.240734999996,384.04,123.3368
2022-02-16,4617.9893,20105.858882,28399.755963000003,378.94,123.3326
2022-02-17,4629.1649,20125.778975200003,27736.244346000003,382.29,123.3786
2022-02-18,4651.2358,19757.0198452,27547.047241,385.47,123.362
2022-02-21,4634.3141,19644.2243925,27572.270686999997,385.28,123.2305
2022-02-22,4574.1527,19138.6944,27329.629812000003,390.44,123.1301
2022-02-23,4623.0465,19198.8976032,26752.90815,386.41,123.1461
2022-02-24,4529.3189,18568.3558324,27138.893599999996,395.14,123.1614
2022-02-25,4573.4247,18470.557790400002,27775.003889999996,389.61,123.1597
2022-02-28,4581.6459,18382.101346400003,27652.923468,386.7,123.1685
2022-03-01,4619.6862,18356.6362637,27135.466764,387.9,123.1058
2022-03-02,4578.6007,18110.6409168,27789.169554,394.67,123.0277
2022-03-03,4551.6283,18117.213629200003,27496.968584,391.95,122.9015
2022-03-04,4496.4301,17735.3989956,27396.552456,393.99,122.8899
2022-03-07,4352.7775,17103.007086,26667.679102,401.5,122.9125
2022-03-08,4265.391,16781.107205700002,26352.56795,409.96,122.9297
2022-03-09,4226.3463,16667.18968,27026.790264,415.11,122.8538
2022-03-10,4292.8374,16858.8576252,26879.70096,402.1,122.8117
2022-03-11,4306.5217,16631.3047164,26615.804886,403.6,122.8884
2022-03-14,4174.7577,15842.520059199998,26501.752365999993,400.69,123.0577
2022-03-15,3983.812,14999.082660000002,27177.3812,393.7,122.893
2022-03-16,4156.081,16378.544,27803.1468,391.31,122.835
2022-03-17,4237.6956,17440.9377268,27972.634801999997,394.09,122.8255
2022-03-18,4265.9017,17372.736616,28307.3386,395.64,122.8623
2022-03-21,4258.7459,17270.1387054,28407.455886000003,393.66,122.8475
2022-03-22,4255.295,17804.959244799997,28722.713903999997,396.25,122.7748
2022-03-23,4276.5174,17989.3345008,28322.970192,393.81,122.7678
2022-03-24,4251.3061,17853.030325,28766.29824,398.0,122.7793
2022-03-25,4174.5742,17438.9838336,28957.010134000004,400.0,122.8068
2022-03-28,4148.4663,17653.0835279,29160.704064000005,396.5,122.8368
2022-03-29,4134.1441,17824.7511507,29475.5024,394.0,122.8336
2022-03-30,4254.0989,18056.410125399998,29255.933669999995,393.84,122.8982
2022-03-31,4222.5968,17839.6653185,28759.948762,394.14,122.9165
2022-04-01,4276.158,17870.548722,28870.302273999998,395.2,122.9756
2022-04-06,4263.8411,17977.5177736,28589.288884999998,393.2,123.0999
2022-04-07,4209.0998,17712.599286599998,28647.886839,394.3,123.1896
2022-04-08,4230.7669,17762.0406009,28569.248683999995,395.12,123.2104
2022-04-11,4100.0703,17217.534189,28083.547185,398.39,123.1616
2022-04-12,4179.9727,17352.0662896,28053.532275,400.28,123.1559
2022-04-13,4139.737,17386.1263017,28347.900567999997,401.91,123.1797
2022-04-14,4191.5684,17439.7582976,27910.51686,403.41,123.2467
2022-04-15,4188.7472,17530.779776,28066.893064000004,404.48,123.2692
2022-04-18,4166.3844,17492.692774400002,28002.732946999997,406.82,123.1683
2022-04-19,4134.9017,17082.952223999997,28433.202120000005,404.81,123.159
2022-04-20,4070.7889,17090.85072,28538.69622,399.86,123.1293
2022-04-21,3995.83,16900.476073,28162.481868000003,403.7,123.1479
2022-04-22,4013.2498,16993.757368000002,27593.990088,405.74,123.1286
2022-04-25,3814.9127,16436.1167414,27885.685308,403.98,123.1758
2022-04-26,3784.1198,16661.0319238,27385.1368,400.17,123.1866
2022-04-27,3895.5361,16675.7553508,27445.940808,400.64,123.1676
2022-04-28,3921.1073,16958.988588,28138.004999999997,399.95,123.1203
2022-04-29,4016.241,17786.3697382,27343.873161000003,405.2,123.154
2022-05-05,4010.2102,17399.709186000004,27233.324664000003,402.69,123.2206
2022-05-06,3908.815,16902.656297999998,27350.938888000004,403.0,123.2318
2022-05-09,3877.4364,17046.2703708,26700.996475999997,403.8,123.2911
2022-05-10,3919.8684,16791.320698699998,26860.649070000003,402.36,123.356
2022-05-11,3976.4231,16994.0178954,26479.82622,400.35,123.3542
2022-05-12,3958.74,16613.4088582,26446.294336,402.69,123.3918
2022-05-13,3988.6002,17211.4411115,27321.408322000003,398.95,123.4111
2022-05-16,3956.5378,17249.1510681,27202.764671000004,396.26,123.4196
2022-05-17,4005.8934,17808.612262799998,27744.482789999995,397.18,123.4656
2022-05-18,3991.9069,17731.784977599997,26453.842928000002,394.78,123.5154
2022-05-19,3999.5984,17310.424624400002,26339.694396,394.86,123.5339
2022-05-20,4077.5998,17817.6550896,26329.108232000002,396.61,123.5111
2022-05-23,4053.9823,17412.4471378,26527.165499999996,398.23,123.5464
2022-05-24,3959.1541,17055.865284,26236.855768,399.31,123.5582
2022-05-25,3983.1784,17102.2112695,26478.44815,399.36,123.5756
2022-05-26,3993.0446,17110.236234,27092.574544,400.87,123.7025
2022-05-27,4001.2988,17768.0626392,28021.131887999996,402.5,123.718
2022-05-30,4029.0179,18044.061006000004,27880.167552,399.09,123.6741
2022-05-31,4091.5176,18174.009479999997,27523.011505,398.35,123.5702
2022-06-01,4083.1772,18089.1997324,27335.108072999996,395.62,123.5304
2022-06-02,4089.5682,18025.6427926,28024.373789999998,398.22,123.4981
2022-06-06,4166.085,18405.165383,27486.228812999998,397.0,123.4136
2022-06-07,4179.1285,18292.4455652,27730.516132000004,396.31,123.3739
2022-06-08,4219.8122,18696.3308493,27425.021818000005,397.0,123.3851
2022-06-09,4175.6747,18617.559646,26843.457202,398.29,123.4146
2022-06-10,4238.9936,18612.664939000002,26133.421484000002,397.19,123.4289
2022-06-13,4189.3527,18030.688342999998,25190.764266000002,403.02,123.4201
2022-06-14,4222.3114,18111.097603500002,25207.766136000002,396.48,123.4136
2022-06-15,4278.2178,18327.4045031,25589.254481999997,394.34,123.3987
2022-06-16,4250.0614,17819.9242898,24603.660023,395.2,123.4067
2022-06-17,4309.0444,17967.49125,24593.131732,398.09,123.4244
2022-06-20,4330.4328,18096.2012455,24665.526080000003,396.69,123.3586
2022-06-21,4325.5657,18360.5780358,25167.997629,395.46,123.3519
2022-06-22,4270.6227,17960.029866,25232.245801,395.91,123.3552
2022-06-23,4343.8781,18179.798347199998,25461.377267,396.08,123.3736
2022-06-24,4394.7723,18538.086472400002,26208.658,393.85,123.3367
2022-06-27,4444.2639,18931.9930032,26072.23535,396.11,123.264
2022-06-28,4490.5166,19124.5023585,25577.634149999998,393.87,123.2255
2022-06-29,4421.357,18794.8027227,25599.526905,392.68,123.2375
2022-06-30,4485.0108,18694.2738101,25405.199332,391.7,123.2779
2022-07-01,4466.7179,18626.2898632,25577.303979,388.42,123.3092
2022-07-04,4496.0303,18658.181841499998,25656.870843,390.59,123.2601
2022-07-05,4489.5383,18655.0917362,25664.949053999997,390.01,123.232
2022-07-06,4423.9698,18498.688286999997,25856.624968,382.64,123.2502
2022-07-07,4443.4736,18518.6799196,26203.361466,377.29,123.2589
2022-07-08,4428.781,18574.455611,26164.059924,376.19,123.2612
2022-07-11,4354.6167,18021.266262,25809.263280000003,376.5,123.3126
2022-07-12,4313.6184,17867.694233200004,25695.55956,377.27,123.3659
2022-07-13,4321.4617,17826.1309245,25579.136196000003,374.7,123.413
2022-07-14,4322.0742,17782.5418974,25495.99107,374.29,123.4676
2022-07-15,4248.5273,17454.6183596,26077.488947999995,371.89,123.5185
2022-07-18,4292.5858,17911.037856,25837.933995,374.0,123.5567
2022-07-19,4269.3401,17753.015805,26553.367719,372.43,123.567
2022-07-20,4283.8027,17953.6817746,26715.465350000002,372.4,123.6143
2022-07-21,4236.0578,17723.809267200002,27040.8999,369.57,123.674
2022-07-22,4238.2341,17729.8370506,26749.718086,375.68,123.6659
2022-07-25,4212.6441,17694.2042406,26793.227412,377.08,123.6941
2022-07-26,4245.9758,17973.412212400002,26460.421715000004,377.18,123.7477
2022-07-27,4225.0357,17836.177516000003,27252.312890999998,376.07,123.7826
2022-07-28,4225.6733,17710.9638108,27452.657873,379.5,123.7601
2022-07-29,4170.1019,17316.0546108,27853.436673,383.96,123.8588
2022-08-01,4188.6784,17332.136163199997,27787.161021,385.13,123.9865
2022-08-02,4107.024,16920.710181899998,27599.985978,387.16,124.062
2022-08-03,4066.9754,17076.3937092,28177.454321,385.58,124.1128
2022-08-04,4101.5367,17383.5667872,28082.061383999997,387.05,124.1945
2022-08-05,4156.9111,17347.0018392,27940.653194999995,390.19,124.1592
2022-08-08,4148.0746,17286.8706749,28026.136170000005,388.02,124.1439
2022-08-09,4156.2907,17222.1617024,27861.301248,389.32,124.094
2022-08-10,4109.7373,16891.4048172,28466.274687999998,390.27,124.0953
2022-08-11,4193.5428,17228.917521299998,28325.024548000005,388.7,124.0812
2022-08-12,4191.152,17349.4191504,28853.775195,390.17,124.0713
2022-08-15,4185.6794,17240.149815,28967.020740000004,390.64,124.3302
2022-08-16,4177.837,17137.138773600003,29159.119599999998,390.27,124.4678
2022-08-17,4216.9586,17245.4703935,29004.917652,388.72,124.4708
2022-08-18,4180.0996,17084.1214431,29044.613948,387.2,124.5611
2022-08-19,4151.0738,17156.2672098,28781.149119999995,386.13,124.61
2022-08-22,4181.3965,17084.4710274,28220.264202,385.07,124.6053
2022-08-23,4161.0823,17031.408095,28291.296578999998,387.33,124.55
2022-08-24,4082.4195,16793.284972200003,28317.897876000003,388.88,124.5273
2022-08-25,4116.2396,17443.378349000002,28779.088832,390.04,124.4114
2022-08-26,4107.5455,17605.217713600003,27789.290276,390.47,124.3744
2022-08-29,4089.5205,17528.527020200003,27689.484578000003,387.5,124.4228
2022-08-30,4075.7937,17489.713581599997,27425.578031999998,388.9,124.4757
2022-08-31,4078.8402,17517.5598932,27252.322999999997,386.83,124.4829
2022-09-01,4043.7395,17184.2932197,27300.258385,384.26,124.5334
2022-09-02,4023.6131,17081.2692708,27044.822642,384.34,124.5401
2022-09-05,4015.4264,16899.582557,27076.609148,387.14,124.6016
2022-09-06,4052.2802,16904.163219,27004.029624000003,388.75,124.6461
2022-09-07,4054.983,16778.980515,27524.78092,387.39,124.6464
2022-09-08,4037.6839,16609.6003966,27701.933464,389.73,124.631
2022-09-09,4093.7874,17044.7822975,28104.644128000004,390.13,124.6138
2022-09-13,4111.1145,16972.848452,27107.245632,389.37,124.5802
2022-09-14,4065.359,16596.002376,27273.242716,386.66,124.5335
2022-09-15,4027.1186,16667.8209824,26958.718634999997,385.36,124.5445
2022-09-16,3932.6826,16566.009419299997,26844.113564999996,384.64,124.4934
2022-09-19,3928.0001,16414.7310561,27063.676644,384.3,124.4835
2022-09-20,3932.8361,16622.8713994,26786.374524,385.58,124.5021
2022-09-21,3903.7348,16339.3510732,26353.657248,386.76,124.5346
2022-09-22,3869.344,16136.6127015,26230.018602,385.71,124.5381
2022-09-23,3856.0212,15974.956916000001,25823.06416,387.96,124.5058
2022-09-26,3836.6773,15989.4564214,25694.200192,385.84,124.3961
2022-09-27,3892.295,16090.889088300002,25794.364338000003,386.0,124.3734
2022-09-28,3828.7098,15626.5371392,26444.977728,385.83,124.3022
2022-09-29,3827.1434,15548.5017286,25884.469793999997,389.0,124.2475
2022-09-30,3804.8853,15577.016365200003,25457.184876,390.0,124.177
2022-10-10,3720.9365,15570.2308042,25645.079088,392.49,124.3309
2022-10-11,3727.6867,15240.3553912,25507.6803,392.01,124.3759
2022-10-12,3784.3064,15127.458953399999,25433.756409,392.57,124.3767
2022-10-13,3752.6729,14846.0752935,26093.427090999998,392.83,124.422
2022-10-14,3842.4698,15021.812064,25471.328016,392.45,124.498
2022-10-17,3846.4119,15045.971272,26148.385525,390.97,124.5221
2022-10-18,3838.2667,15317.674502200001,26443.849828,390.8,124.5294
2022-10-19,3776.5335,14956.4127624,26274.435179999997,390.01,124.5453
2022-10-20,3754.9269,14764.205913599999,26095.954664,388.6,124.505
2022-10-21,3742.8929,14701.702616800001,26714.32615,388.93,124.4888
2022-10-24,3633.3733,13775.565333600001,27048.45282,393.32,124.4971
2022-10-25,3627.4542,13846.032014100001,27657.469547999997,393.68,124.4654
2022-10-26,3656.9027,13979.211995399999,27441.65228,393.96,124.4744
2022-10-27,3631.1448,14066.5785744,27248.846100000002,393.18,124.5219
2022-10-28,3541.3295,13576.364895800001,27969.819988000003,392.55,124.5604
2022-10-31,3508.7034,13428.4892562,27788.426063999996,391.76,124.6363
2022-11-01,3634.1732,14192.265335600001,27795.154409999996,391.99,124.5709
2022-11-02,3677.8051,14556.8813358,27143.833893000003,392.6,124.5182
2022-11-03,3647.8966,14162.0307476,26958.786808,391.98,124.5277
2022-11-04,3767.1746,14937.5800906,27357.225525,392.7,124.4597
2022-11-07,3775.2971,15284.1692736,27520.11856,394.5,124.4424
2022-11-08,3749.3251,15218.3203403,27619.81365,395.18,124.408
2022-11-09,3714.2704,15044.767258799999,27060.551973,403.56,124.3904
2022-11-10,3685.6885,14836.5283144,28652.822814,402.53,124.3575
2022-11-11,3788.4387,15887.283706799999,28711.961751000003,407.19,124.2244
2022-11-14,3794.0171,15936.8514979,28056.506775,402.47,123.6856
2022-11-15,3865.9726,16483.3110632,28110.161833000002,404.99,123.6342
2022-11-16,3834.3899,16416.4093808,27855.234076999997,406.77,123.4988
2022-11-17,3818.664,16299.3814818,27884.419679999995,407.31,123.5182
2022-11-18,3801.5686,16341.3646042,28189.998594,406.6,123.5341
2022-11-21,3769.1269,16085.9464828,28145.692464,404.71,123.5904
2022-11-22,3769.5727,16005.888781899997,28692.456786,404.93,123.5806
2022-11-23,3773.5287,15978.560434200002,28706.712006,404.35,123.6618
2022-11-24,3756.8082,16083.075194000001,28674.493926000003,405.9,123.7858
2022-11-25,3775.7764,16049.071935000002,28721.937467999996,406.3,123.6931
2022-11-28,3733.2424,15852.5241336,28388.549098,406.87,123.6041
2022-11-29,3848.4224,16769.240982,28490.582607,406.68,123.3953
2022-11-30,3853.0365,17085.0892287,29282.541459000004,405.76,123.347
2022-12-01,3894.7687,17107.1191776,29035.369824999998,407.48,123.3506
2022-12-02,3870.9478,16936.114654499997,28722.58614,410.0,123.3755
2022-12-05,3946.8759,17654.878853700004,28145.435456000003,406.17,123.3305
2022-12-06,3968.1979,17453.319345,27488.711996000005,403.56,123.2275
2022-12-07,3958.4409,16920.9202188,27527.605199999998,402.4,123.1774
2022-12-08,3959.1798,17379.364011899997,27588.407705999998,403.41,123.2027
2022-12-09,3998.2442,17787.7956234,27378.563544,404.72,123.1426
2022-12-12,3953.4433,17389.0016783,27760.33064,403.69,123.1117
2022-12-13,3945.6813,17580.534868,28035.450890000004,405.0,122.9764
2022-12-14,3954.8857,17589.8349105,27781.45762,409.0,123.0607
2022-12-15,3951.9885,17270.7780171,27014.299225,404.38,123.0639
2022-12-16,3954.227,17453.280697699996,26886.005676,403.69,123.0426
2022-12-19,3893.2207,17334.8925013,26626.651436,405.79,123.141
2022-12-20,3829.0173,17145.602816,26698.219482,405.78,123.1491
2022-12-21,3830.5384,17134.0765776,27013.3346,409.98,123.1339
2022-12-22,3836.028,17614.4762376,26647.027407,409.94,123.1964
2022-12-23,3828.2188,17544.8015076,26840.688420000002,409.03,123.2881
2022-12-26,3843.4887,17526.1881006,26846.45565,407.53,123.2971
2022-12-27,3887.854,17465.0577534,26630.90205,407.98,123.2649
2022-12-28,3871.2644,17775.298324800002,26361.855281999997,408.99,123.2664
2022-12-29,3856.7007,17682.731332199997,26865.279904,407.19,123.3636
2022-12-30,3871.6338,17670.1401107,26740.581700000002,410.49,123.4172
2023-01-03,3887.8992,17927.4950239,26568.212649999998,412.26,123.5305
2023-01-04,3892.9477,18395.0406237,26635.966906999995,413.84,123.6435
2023-01-05,3968.5782,18562.119332399998,26247.710059999998,412.73,123.7017
2023-01-06,3980.8888,18511.687650400003,26841.775296,409.35,123.6538
2023-01-09,4013.1196,18700.0395454,26569.352385,413.42,123.6433
2023-01-10,4017.4737,18469.844640999996,26498.441175,414.13,123.5421
2023-01-11,4010.0309,18595.9877355,26896.489516,415.0,123.514
2023-01-12,4017.8692,18639.81624,26958.09456,414.37,123.5336
2023-01-13,4074.3772,18732.420708600002,26910.676428,414.43,123.4926
2023-01-16,4137.9643,18693.0455776,26847.890715,417.21,123.3913
2023-01-17,4137.2422,18570.5800896,26828.098533999997,418.19,123.3713
2023-01-18,4130.3143,18737.16252,26559.879372000003,418.23,123.3296
2023-01-19,4156.0077,18725.2830726,26385.07749,419.21,123.3416
2023-01-20,4181.5267,19058.922604,26895.364222,422.45,123.2964
2023-01-30,4201.345,19061.1844064,27170.571402,422.67,123.3412
2023-01-31,4156.8578,18842.7228211,27559.44664,418.33,123.379
2023-02-01,4195.9332,19000.6154312,27801.372131999997,421.67,123.3573
2023-02-02,4181.1493,18801.6261664,28058.72888,425.85,123.355
2023-02-03,4141.6319,18607.4267535,27872.429536,419.52,123.4015
2023-02-06,4086.8779,18317.6951824,27847.222596,414.04,123.41
2023-02-07,4094.2335,18447.017057,28301.458799999997,413.0,123.4227
2023-02-08,4076.1411,18373.849980799998,27899.325071999996,413.45,123.4394
2023-02-09,4130.8565,18708.747541200002,27715.42575,414.54,123.4466
2023-02-10,4106.3097,18325.263311799998,27767.678664000003,412.65,123.4704
2023-02-13,4143.574,18374.737799799997,28196.045079,413.83,123.4986
2023-02-14,4145.2902,18326.5325424,28181.935368000002,413.08,123.5181
2023-02-15,4123.6893,18086.608216799996,28279.581080000004,412.4,123.5302
2023-02-16,4093.4876,18325.384060499997,28027.080279,412.0,123.5571
2023-02-17,4034.507,18124.446599400002,28006.624031,411.35,123.5648
2023-02-20,4133.4896,18283.400436,28000.097487,413.15,123.535
2023-02-21,4144.3536,17954.8866591,27404.563838000002,411.8,123.4928
2023-02-22,4106.9506,17905.580528000002,27442.060695000004,414.0,123.4941
2023-02-23,4103.6463,17909.595026999996,27696.242496000003,412.78,123.4749
2023-02-24,4061.0457,17581.2213448,27370.249767999998,414.01,123.46
2023-02-27,4043.8444,17679.3233097,27705.240128,413.04,123.4432
2023-02-28,4069.4587,17531.1342776,27600.085785000003,412.69,123.4355
2023-03-01,4126.9415,18231.1227936,27422.6466,414.75,123.4259
2023-03-02,4117.7377,17908.8732252,27394.87308,414.3,123.4203
2023-03-03,4130.5513,18109.924645400002,27962.249988,416.21,123.398
2023-03-06,4109.0102,18097.224000299997,27914.260742000002,420.26,123.5093
2023-03-07,4048.8519,18091.2875696,27568.140371999998,419.76,123.5333
2023-03-08,4034.1077,17759.1916125,27754.449525,415.22,123.5567
2023-03-09,4019.8505,17684.2935074,27297.368112,415.46,123.5802
2023-03-10,3967.1352,17143.7242112,26897.905145,417.73,123.6048
2023-03-13,4008.686,17409.661802399998,26749.335000000003,421.45,123.6031
2023-03-14,3984.6956,16930.8905752,27023.112621,427.0,123.6145
2023-03-15,3986.902,17097.7770474,26729.775239999995,426.56,123.616
2023-03-16,3939.1505,16919.9889837,27384.940172000002,430.29,123.6441
2023-03-17,3958.8194,17170.3084371,27045.182527999998,432.42,123.6703
2023-03-20,3939.077,16629.9914133,27144.914958000005,449.23,123.7245
2023-03-21,3982.3782,16893.9768596,27524.934981,441.36,123.7373
2023-03-22,3999.4427,17154.6479366,27052.889355,434.14,123.7333
2023-03-23,4039.0895,17554.2618056,27131.260248000002,438.2,123.7253
2023-03-24,4027.0457,17347.951377600002,27151.247025999997,439.66,123.6938
2023-03-27,4012.4771,17129.555826,27331.199642,437.22,123.7215
2023-03-28,3999.5147,17327.396470000003,27302.084123,435.81,123.7299
2023-03-29,4006.144,17690.56164,27699.652151000002,437.01,123.7399
2023-03-30,4038.5257,17822.8863054,27904.547538,437.19,123.7523
2023-03-31,4050.9257,17858.4602951,28237.945527,440.74,123.779
2023-04-03,4090.5676,17889.054453599998,28378.691055,435.56,123.785
2023-04-04,4103.1052,17747.1596106,28170.711940000005,439.51,123.7911
2023-04-06,4096.64,17805.658336,28220.780994000004,446.69,123.8002
2023-04-07,4123.2799,17829.039216,28258.136676000002,445.9,123.8115
2023-04-10,4104.8118,17809.927888000002,28255.884004,442.33,123.8232
2023-04-11,4100.1479,17976.412657200002,28303.200507999998,444.19,123.8793
2023-04-12,4097.2876,17814.590600400003,28174.712529999997,447.34,123.9278
2023-04-13,4068.9786,17799.182107200002,28467.117276,447.86,123.9261
2023-04-14,4091.9988,17863.315551900003,28386.692984,449.35,123.9297
2023-04-17,4149.3836,18182.981154,28510.850627999997,445.44,123.9128
2023-04-18,4162.032,18103.2695915,28591.322418,443.7,123.9464
2023-04-19,4124.5589,17837.2694976,28554.431411999998,443.52,123.9894
2023-04-20,4113.0192,17927.9167815,28490.182273,444.15,124.0082
2023-04-21,4032.5672,17588.146295699997,28418.776704,442.44,124.0314
2023-04-24,3982.6429,17508.6597686,28477.314840000003,441.64,124.0758
2023-04-25,3962.6658,17207.823442,28031.951061000003,445.44,124.0836
2023-04-26,3959.2323,17427.0975762,28082.457963,445.93,124.1075
2023-04-27,3988.4185,17492.3812648,28619.516745000004,446.72,124.2075
2023-04-28,4029.0858,17548.2044142,28869.479519999993,443.37,124.2189
2023-05-04,4030.2471,17550.294192100002,28044.348587999997,452.79,124.35
2023-05-05,4016.8774,17655.2218929,28587.27825,454.92,124.4628
2023-05-08,4062.6624,17885.3368954,28618.410296000002,450.3,124.4811
2023-05-09,4027.8754,17529.9605372,28527.311835,451.14,124.5066
2023-05-10,3996.8695,17471.76102,28673.431436000003,452.6,124.5932
2023-05-11,3990.6637,17431.594753100002,28542.997261999997,452.86,124.6966
2023-05-12,3937.7622,17396.015356800002,28654.520247999997,450.41,124.689
2023-05-15,3998.8872,17734.5631513,28810.844712,452.13,124.6572
2023-05-16,3978.2054,17718.9097075,28566.270939999995,450.96,124.6482
2023-05-17,3960.165,17405.9732145,29006.588996000002,449.17,124.6293
2023-05-18,3956.0701,17631.42696,29372.496435,448.5,124.6016
2023-05-19,3944.5403,17497.9272777,29493.094487999995,446.72,124.6202
2023-05-22,3969.3277,17652.4991802,29414.234291000004,448.43,124.6279
2023-05-23,3913.1882,17457.423625,29154.205907999996,446.0,124.6988
2023-05-24,3859.0935,17215.806558,29037.133439999998,448.87,124.7041
2023-05-25,3850.4996,16889.287697199998,29278.562711999995,447.64,124.6857
2023-05-26,3850.9511,16931.093328799998,29757.7642,445.28,124.6577
2023-05-29,3833.9416,16712.5094879,29679.963375,444.56,124.6615
2023-05-30,3837.7531,16823.4162082,29782.651536,443.77,124.6897
2023-05-31,3798.5434,16478.6744844,29601.974043000002,449.62,124.7194
2023-06-01,3806.8679,16508.8925184,29954.46843,449.23,124.7614
2023-06-02,3861.8337,17165.6136496,30378.704542999996,451.11,124.7365
2023-06-05,3844.2492,17283.447165,30302.880616,446.31,124.7562
2023-06-06,3808.1629,17319.4180968,30447.463875,449.02,124.7903
2023-06-07,3789.3418,17475.040399999998,30383.035392000005,449.29,124.8183
2023-06-08,3820.1867,17544.112570800004,30607.133039999997,447.59,124.8324
2023-06-09,3836.7026,17598.9003185,30571.342889999996,450.88,124.8837
2023-06-12,3844.4324,17631.532238400003,30898.388316,451.45,124.9263
2023-06-13,3864.9074,17814.4670352,31237.547698000002,453.21,125.0545
2023-06-14,3864.0247,17734.443774999996,31292.877594,450.2,125.1288
2023-06-15,3925.4994,18106.381719599998,31639.887576,446.32,125.0522
2023-06-16,3963.3509,18271.8073475,31435.526151000002,450.07,124.9348
2023-06-19,3930.9079,18124.712478,31396.721759,450.33,124.816
2023-06-20,3924.2377,17962.045988,31421.408116000002,451.13,124.8155
2023-06-21,3864.0323,17633.0283085,31343.471355,449.97,124.847
2023-06-26,3809.6962,17293.0428369,31191.745391999997,449.3,124.8694
2023-06-27,3845.4334,17625.4707024,31567.460418000002,449.25,124.8389
2023-06-28,3840.7986,17648.8306275,31557.598285999997,446.8,124.8527
2023-06-29,3821.8435,17454.261078800002,31745.813952,447.09,124.8799
2023-06-30,3842.4516,17440.5701314,32157.555804000003,448.47,124.9389
2023-07-03,3892.8821,17774.6120835,32150.200763000004,449.5,124.9657
2023-07-04,3899.0133,17857.1833664,32100.743714,450.0,124.9878
2023-07-05,3868.8054,17564.159154200002,32002.874175999998,450.74,125.0066
2023-07-06,3842.7547,17088.954744,31806.681582000005,450.41,125.0235
2023-07-07,3825.6988,16913.891415,31696.19433,449.92,125.0421
2023-07-10,3844.3269,16974.9164004,31715.985477999995,451.35,125.0732
2023-07-11,3869.4861,17130.2837349,31912.064436,450.29,125.1151
2023-07-12,3843.4369,17288.889817500003,32094.45624,451.26,125.1214
2023-07-13,3898.4229,17686.0796676,32258.963107999996,454.9,125.1281
2023-07-14,3899.1027,17703.620119799998,32131.754355999998,452.5,125.1042
2023-07-17,3867.1749,17719.539419399996,32259.251954,454.15,125.1287
2023-07-18,3854.9393,17387.2137392,32546.698593999994,456.34,125.162
2023-07-19,3850.8663,17339.468419,32638.505992000002,462.17,125.1872
2023-07-20,3823.6946,17322.166783200002,32408.901941999997,460.94,125.2
2023-07-21,3821.91,17443.7530122,32414.871103999998,458.33,125.2485
2023-07-24,3805.221,17062.689100000003,32543.358264000002,458.63,125.3057
2023-07-25,3915.1153,17761.681192,32614.404875999997,455.58,125.138
2023-07-26,3907.0128,17678.8236088,32558.644125000003,457.99,125.1378
2023-07-27,3902.3458,17950.3429311,32335.852365,458.85,125.1985
2023-07-28,3992.7376,18209.9099736,32688.712373999995,455.68,125.1992
2023-07-31,4014.6301,18359.580367799997,32721.579279999998,455.35,125.1604
2023-08-01,3998.001,18290.16368,32624.304459,456.44,125.186
2023-08-02,3969.895,17870.6986494,32211.161752,456.81,125.2226
2023-08-03,4004.9839,17793.0126766,32186.262555000005,454.7,125.2727
2023-08-04,4020.5792,17872.3532728,31981.194654,454.02,125.2867
2023-08-07,3990.1531,17855.314329599998,32252.624719999996,454.89,125.3218
2023-08-08,3979.7322,17584.7857471,32199.81297,454.84,125.3376
2023-08-09,3967.5652,17631.865463899998,31983.442348,455.05,125.3471
2023-08-10,3975.7166,17618.894791,31986.097607999996,453.62,125.3438
2023-08-11,3884.2538,17463.5271969,31956.794735,455.25,125.3609
2023-08-14,3855.9061,17215.533085499996,32185.006792000004,455.95,125.4193
2023-08-15,3846.5357,17050.9555915,31849.633647999995,456.0,125.5887
2023-08-16,3818.3338,16864.239051,31705.009938,456.79,125.6607
2023-08-17,3831.1008,16866.9139205,31499.806736,456.7,125.6774
2023-08-18,3784.0038,16513.1664235,31464.533826,456.1,125.7168
2023-08-21,3729.555,16197.7420719,31672.624299000003,457.92,125.8138
2023-08-22,3758.2271,16339.7973143,31586.84996,457.82,125.8223
2023-08-23,3696.6339,16389.871387199997,31933.948788,458.32,125.8274
2023-08-24,3723.4293,16700.0135249,31459.542066,459.7,125.8227
2023-08-25,3709.1517,16457.560961400002,31669.565193000002,459.0,125.7684
2023-08-28,3752.6194,16608.3017622,31855.992336,459.14,125.6866
2023-08-29,3790.1067,16926.7504725,32315.921313000003,460.35,125.6531
2023-08-30,3788.5097,16916.0679578,32423.990391999996,461.96,125.6489
2023-08-31,3765.2678,16826.5700828,32369.957226,464.16,125.6781
2023-09-01,3791.4912,16828.959750600003,32417.809676,463.79,125.6087
2023-09-04,3848.9517,17241.087308799997,32416.906522000005,465.5,125.4409
2023-09-05,3820.3174,16905.4221454,32279.594789,465.85,125.4109
2023-09-06,3812.0283,16932.8381446,32137.613011999998,464.13,125.3072
2023-09-07,3758.4748,16707.3160116,32041.976404,464.38,125.2145
2023-09-08,3739.9927,16757.553724799996,32160.79035,467.68,125.1608
2023-09-11,3767.537,16651.629432,32376.126408,468.09,125.0993
2023-09-12,3760.6048,16564.7113566,32119.433339999996,469.4,125.1359
2023-09-13,3736.6513,16543.0893998,32118.213136000002,470.21,125.1734
2023-09-14,3733.5077,16569.2539144,32379.955740000005,474.7,125.2134
2023-09-15,3708.7766,16674.8011034,31947.067152,469.6,125.1693
2023-09-18,3727.711,16435.680046499998,31947.842808,469.18,125.0869
2023-09-19,3720.5021,16517.442682599998,31877.786535,471.26,125.061
2023-09-20,3705.6898,16403.778039999997,31577.86104,472.0,125.0389
2023-09-21,3672.4448,16188.7750913,31059.089999999997,472.83,125.057
2023-09-22,3738.9327,16568.2520985,30987.358374,471.72,125.0283
2023-09-25,3714.6037,16267.5100395,31111.155887999998,475.73,124.9508
2023-09-26,3692.8928,16028.850123000002,30652.748631,474.04,124.8854
2023-09-27,3700.495,16150.965383499999,30655.503367,462.68,124.8805
2023-09-28,3689.5172,15942.0135189,30870.98606,447.1,124.9491
2023-10-09,3684.7272,16055.397796,31125.269573999998,438.0,125.0532
2023-10-10,3657.1259,16194.8478167,31283.882543999996,449.88,124.9898
2023-10-11,3667.5483,16425.507938,31417.309404999996,450.42,124.8953
2023-10-12,3702.3824,16735.0167318,31219.760735999997,451.05,124.849
2023-10-13,3663.4104,16343.3059715,31062.64095,453.99,124.9016
2023-10-16,3626.5972,16188.558372,31401.788674000003,460.24,124.8883
2023-10-17,3639.4018,16324.9905234,31397.82672,462.61,124.8352
2023-10-18,3610.5767,16272.0696528,30976.670700000006,466.0,124.781
2023-10-19,3533.5445,15863.9632669,30713.901000000005,468.95,124.6746
2023-10-20,3510.5889,15761.611241800001,30326.511887999997,474.84,124.6426
2023-10-23,3474.2438,15753.540340700001,30274.973567999998,472.47,124.6593
2023-10-24,3487.1302,15587.8597067,30492.395648000005,473.31,124.5868
2023-10-25,3504.4576,15676.986248100002,30054.728445000004,471.0,124.61
2023-10-26,3514.1448,15640.134136000002,29698.691831999997,474.17,124.6217
2023-10-27,3562.3851,15968.902368599998,29555.305334,475.8,124.6047
2023-10-30,3583.7718,15973.6425084,29909.850641999998,476.9,124.6302
2023-10-31,3572.5056,15706.3475184,30102.67702,476.86,124.6715
2023-11-01,3571.0268,15686.9497406,30418.511507999996,475.4,124.6823
2023-11-02,3554.1889,15814.7524197,31000.365066,476.32,124.7574
2023-11-03,3584.1364,16206.123535199999,31291.137864000004,476.99,124.7582
2023-11-06,3632.6084,16484.8853227,31339.004439999997,474.63,124.7735
2023-11-07,3619.7593,16215.1990256,31426.260288,471.44,124.7717
2023-11-08,3611.0723,16126.6164878,31456.526894,470.5,124.7703
2023-11-09,3612.8263,16081.493171499998,31201.800420000003,467.73,124.7966
2023-11-10,3586.4893,15814.612852799999,31688.619004,469.46,124.8291
2023-11-13,3579.4141,16011.5502722,31661.253195000005,468.94,124.8694
2023-11-14,3582.0584,15988.062277200002,32264.739759999997,470.78,124.8864
2023-11-15,3607.2454,16619.30154,32309.064576,471.55,124.9001
2023-11-16,3572.3641,16382.298421200001,32334.900575999996,470.88,124.9689
2023-11-17,3568.0685,16055.760297199999,32378.162656,471.65,125.0163
2023-11-20,3576.3233,16328.8017336,32564.697656,466.35,125.0238
2023-11-21,3581.0674,16249.3860681,32405.399513999993,466.79,125.0296
2023-11-22,3544.4162,16211.375205999999,32467.740148,465.69,124.9975
2023-11-23,3561.5204,16357.7910636,32448.602344,465.0,124.9163
2023-11-24,3538.0087,16020.688025399997,32440.160034,465.02,124.9051
2023-11-27,3511.9424,16009.142310000001,32380.404837000002,469.83,124.8435
2023-11-28,3518.5232,15846.759399599998,32399.843548000008,471.31,124.8673
2023-11-29,3488.3073,15485.951937599999,32323.224797999996,474.22,124.866
2023-11-30,3496.2028,15505.4417952,32439.60204,474.04,124.9128
2023-12-01,3482.8813,15319.275666,32669.657152,474.32,124.901
2023-12-04,3460.138,15128.263161,32450.464758,480.45,124.8918
2023-12-05,3394.2571,14860.965057600002,32484.981186000005,473.93,124.8723
2023-12-06,3399.598,14980.414171799997,32364.00476,473.7,124.8493
2023-12-07,3391.2823,14897.317228200001,32638.395384,474.45,124.8677
2023-12-08,3399.4618,14871.6271665,32747.660751,474.1,124.8934
2023-12-11,3419.4548,14759.3953751,32894.669771999994,469.34,124.965
2023-12-12,3426.803,14930.596590000001,33051.07038,467.76,124.9834
2023-12-13,3369.605,14782.281512500002,33479.648334,466.01,125.0773
2023-12-14,3351.9639,14936.490301599997,33551.28095,475.03,125.1336
2023-12-15,3341.5517,15263.7648662,33485.956483,474.0,125.2311
2023-12-18,3329.3657,15119.295916,33626.214248000004,473.82,125.325
2023-12-19,3334.0412,15030.773399999998,33846.843934000004,473.99,125.3686
2023-12-20,3297.5022,15118.4009619,33342.31061,476.6,125.4179
2023-12-21,3330.8698,15122.5689192,33707.621100000004,475.54,125.5001
2023-12-22,3337.2281,14847.2233342,33735.526239,478.66,125.612
2023-12-25,3347.4508,14844.772272699998,33762.62763,479.0,125.7194
2023-12-26,3324.7902,14846.733121899999,33884.013375,480.49,125.7936
2023-12-27,3336.3572,15112.1458084,33950.174316,482.17,125.8607
2023-12-28,3414.5403,15485.9217933,33949.34829,482.19,125.9168
2023-12-29,3431.1099,15448.6857658,33783.274940999996,479.59,125.9493
2024-01-02,3386.3522,15204.382421999997,33565.00791,483.66,125.9646
2024-01-03,3378.2971,15125.5939824,33405.091962000006,481.49,125.9338
2024-01-04,3347.0519,15138.852970799999,33288.221396,480.4,125.9853
2024-01-05,3329.1114,15037.0637487,33364.025996,480.0,126.0728
2024-01-08,3286.0564,14750.296473000002,33823.992124,479.0,126.0915
2024-01-09,3292.4994,14722.2327868,33775.9065,478.66,126.213
2024-01-10,3277.129,14631.944601600002,33988.803974999995,478.08,126.2148
2024-01-11,3295.6717,14824.5861148,33981.292087999995,478.2,126.2074
2024-01-12,3284.1667,14765.3485452,33989.11215,479.18,126.1774
2024-01-15,3280.9195,14740.643970000001,34005.377172,483.44,126.1819
2024-01-16,3300.8762,14427.5156928,33902.322132,482.7,126.1782
2024-01-17,3229.082,13894.951625999998,33728.009728,477.3,126.2049
2024-01-18,3274.7286,14009.761175900001,34027.862356,476.0,126.2775
2024-01-19,3269.7763,13931.826421400001,34443.475827,479.51,126.3324
2024-01-22,3218.9016,13606.7443746,34488.982514999996,478.39,126.4475
2024-01-23,3231.9329,13967.0549866,34595.575820000005,478.52,126.4753
2024-01-24,3277.1089,14443.282909300002,34592.508315,478.0,126.5068
2024-01-25,3342.9189,14731.1595736,34770.070304,475.8,126.5599
2024-01-26,3333.8213,14502.012770700001,34762.080178000004,479.26,126.5822
2024-01-29,3303.9604,14625.9475452,35036.103921,479.2,126.638
2024-01-30,3245.0387,14282.287775,34994.374335,480.15,126.8597
2024-01-31,3215.3518,14072.5219146,34423.013034999996,480.0,127.0648
2024-02-01,3217.7109,14146.415985900001,34857.989331,480.0,127.0877
2024-02-02,3179.6276,14105.249158,35209.10616599999,483.55,127.0839
2024-02-05,3200.4218,14091.6195855,35128.550670000004,479.11,127.208
2024-02-06,3311.6922,14662.605556800001,35215.657686,478.81,127.0752
2024-02-07,3343.6303,14609.2713327,35489.401794000005,480.08,127.1075
2024-02-08,3364.9297,14429.831235300002,35516.647833,480.58,127.0944
2024-02-19,3403.8078,14672.363445900002,35555.564824,479.52,127.1556
2024-02-20,3410.8542,14762.8125362,35359.954468,479.66,127.23
2024-02-21,3456.8713,14989.105605999997,35385.7254,479.57,127.2502
2024-02-22,3486.6747,15205.4449015,36127.069654,479.32,127.2924
2024-02-23,3489.7416,15195.1092928,36163.04832,477.81,127.3766
2024-02-26,3453.3585,15111.6632056,36034.21924,480.57,127.4192
2024-02-27,3494.7874,15251.419455999998,36084.023626,481.3,127.5156
2024-02-28,3450.2598,15019.263275499998,36033.3192,480.1,127.5937
2024-02-29,3516.0826,14984.627143199998,36201.863572,480.96,127.7621
2024-03-01,3537.8038,15058.5664768,36503.576772,483.4,127.5886
2024-03-04,3540.8686,15056.693782499999,36440.0069,489.0,127.6276
2024-03-05,3565.5143,14669.6969432,36072.127355,496.52,127.6613
2024-03-06,3551.0481,14920.3611503,36251.963616,499.76,127.8552
2024-03-07,3529.7195,14731.609008200003,36618.287471999996,505.1,127.9297
2024-03-08,3544.9099,14843.154433499998,36366.92688199999,505.84,127.9144
2024-03-11,3589.2635,15053.3856507,36321.508386,507.29,127.7984
2024-03-12,3597.4939,15509.103485,36725.268501000006,505.24,127.5614
2024-03-13,3572.361,15486.8117471,36637.54383,504.79,127.4974
2024-03-14,3562.2229,15390.8406674,36555.016751999996,505.2,127.4424
2024-03-15,3569.993,15171.6995415,36318.546275,507.12,127.4831
2024-03-18,3603.528,15179.898355199999,36531.530306,503.26,127.555
2024-03-19,3577.6303,15004.139585600002,36759.653235000005,504.06,127.6526
2024-03-20,3585.3838,15008.203965399998,37078.08321599999,505.2,127.6322
2024-03-21,3581.0902,15296.349379,37184.462126,514.94,127.6405
2024-03-22,3545.0023,14980.198802400002,37164.771672,511.16,127.6302
2024-03-25,3525.7634,14953.7819736,37047.061724,511.13,127.5352
2024-03-26,3543.7467,15073.8133392,36915.757593999995,512.52,127.5163
2024-03-27,3502.7866,14867.978023199998,37235.937154,515.94,127.5813
2024-03-28,3520.9648,15000.586727,37278.56238,518.8,127.6237
2024-03-29,3537.4843,14995.624300999998,37279.61325,527.54,127.6763
2024-04-01,3595.6466,14993.804744799998,37198.255626000006,533.74,127.6262
2024-04-02,3580.6759,15352.65576,36938.86601700001,533.8,127.6862
2024-04-03,3567.8031,15157.790879,36975.000401,537.5,127.7748
2024-04-08,3536.4077,15163.8106555,36909.396333000004,554.11,127.8506
2024-04-09,3533.4871,15247.0728235,36967.437395999994,555.5,127.9037
2024-04-10,3504.7086,15530.658895499997,36619.385376000006,557.9,127.8771
2024-04-11,3504.2447,15485.361975199998,36896.689008,554.14,127.8956
2024-04-12,3475.8389,15141.490294999998,36359.303747,567.21,128.0073
2024-04-15,3549.0759,15036.1986542,35928.292177999996,558.68,128.0306
2024-04-16,3511.1146,14738.6282385,35879.154947999996,562.5,128.056
2024-04-17,3565.403,14738.793695999999,35670.246525,564.46,128.111
2024-04-18,3569.8018,14863.131100899998,35588.97424,563.37,128.232
2024-04-19,3541.6619,14717.0796354,35290.182258,565.55,128.3394
2024-04-22,3530.9045,14975.4423624,35596.80558,556.55,128.4495
2024-04-23,3506.2249,15261.6517491,36030.821245,544.01,128.6061
2024-04-24,3521.6219,15597.7676106,36032.916824,548.33,128.4105
2024-04-25,3530.2813,15684.510132200001,35873.062836000005,548.16,128.3205
2024-04-26,3584.2686,16023.184435500001,36238.275775999995,553.0,128.1227
2024-04-29,3623.9124,16109.225145200002,36358.573721999994,549.06,127.7354
2024-04-30,3604.3943,16129.719391499999,35785.123846999995,545.8,127.8968
2024-05-06,3657.8767,16885.073738,36780.145555999996,544.13,127.9331
2024-05-07,3659.0076,16780.3767222,36833.707539999996,544.84,128.0589
2024-05-08,3630.2233,16626.7872168,36840.757271999995,544.18,128.099
2024-05-09,3664.561,16846.7909718,37034.56742399999,543.43,128.0407
2024-05-10,3666.2771,17231.727105600003,37086.772948,556.34,128.0087
2024-05-13,3664.6907,17373.4868834,37087.74626,553.01,128.0626
2024-05-14,3657.0454,17349.8280902,37279.235404,550.66,128.1459
2024-05-15,3626.0559,17348.492930499997,37713.874935,555.99,128.1368
2024-05-16,3640.3592,17632.2547694,37620.0042,560.35,128.0807
2024-05-17,3677.9696,17804.9306577,37677.08171500001,561.44,128.0263
2024-05-20,3690.9623,17875.6365148,37710.017146,573.8,128.0534
2024-05-21,3676.1611,17520.1717486,37818.728729,568.96,128.0301
2024-05-22,3684.451,17481.816831999997,37720.634977,568.6,128.05
2024-05-23,3641.7917,17188.262687399998,37453.288832,556.72,128.1193
2024-05-24,3601.4754,16943.0676912,37717.620144,551.43,128.1117
2024-05-27,3635.7079,17129.311303499995,37711.784952,551.6,128.073
2024-05-28,3609.1724,17142.688951199998,37726.475004,552.7,128.1408
2024-05-29,3613.5223,16818.6983525,37451.17467,555.76,128.2258
2024-05-30,3594.3121,16592.9366361,37230.021828,551.72,128.2502
2024-05-31,3579.9247,16439.2469847,37516.763088,553.6,128.1892
2024-06-03,3588.7483,16726.8911168,37557.57724,549.19,128.2626
2024-06-04,3615.6714,16767.7248421,37612.432122000006,553.49,128.3018
2024-06-05,3594.7936,16771.1355904,38065.547091,550.25,128.3823
2024-06-06,3592.2454,16825.158848,38063.827968000005,559.36,128.4258
2024-06-07,3574.1143,16720.720271500002,38020.307093999996,559.9,128.4458
2024-06-11,3542.8771,16551.1934406,38237.33882,543.95,128.5068
2024-06-12,3544.1225,16337.9640504,38561.412699,545.97,128.5179
2024-06-13,3526.1306,16496.983404,38645.845628,546.26,128.5634
2024-06-14,3541.5331,16343.346819799997,38646.377160000004,546.24,128.6417
2024-06-17,3536.1986,16337.4736244,38941.484126999996,547.33,128.6362
2024-06-18,3545.5902,16320.1702725,39039.121044,547.64,128.6984
2024-06-19,3528.749,16796.9045343,39045.156777,550.06,128.7448
2024-06-20,3503.2817,16721.6284868,38964.591863999995,554.35,128.8013
2024-06-21,3495.6198,16447.779366400002,38905.908552,556.25,128.7317
2024-06-24,3476.8102,16448.3023269,38789.379187,549.98,128.7666
2024-06-25,3457.9023,16488.629586,38955.08925,549.75,128.8441
2024-06-26,3480.2648,16504.3476355,39028.94192,546.18,128.881
2024-06-27,3454.1175,16170.176498400002,39076.41449,543.88,128.9651
2024-06-28,3461.657,16171.420974800001,38915.748863999994,549.88,129.0263
2024-07-01,3478.1827,16170.1806721,39018.228885000004,549.2,128.8786
2024-07-02,3471.7857,16217.361003799999,39274.283190999995,549.5,128.9366
2024-07-03,3463.4141,16410.4791246,39485.597024,554.16,129.0229
2024-07-04,3445.8128,16458.016811999998,39481.72111,556.45,129.0354
2024-07-05,3431.0605,16249.619961200002,39687.94079099999,557.96,128.94
2024-07-08,3401.7604,15988.952344000001,39726.61851000001,559.22,128.7761
2024-07-09,3439.8111,15999.409919200001,39769.44438,555.9,128.877
2024-07-10,3428.9657,15956.701494299998,40193.440722,560.85,128.893
2024-07-11,3468.169,16288.050222000002,39839.549906,561.78,128.9209
2024-07-12,3472.4014,16708.9903582,40045.868525000005,563.26,128.9772
2024-07-15,3476.2467,16454.4984802,40157.919186,563.66,129.0272
2024-07-16,3498.2827,16197.7007664,40423.00416,570.82,129.0266
2024-07-17,3501.5836,16206.370187800001,39854.423986,577.37,129.0315
2024-07-18,3520.931,16234.710659699998,39524.609815,577.56,128.9934
2024-07-19,3539.0156,15904.257784800002,39258.9075,561.9,129.0021
2024-07-22,3514.9249,16107.3782804,39693.718735,563.32,129.141
2024-07-23,3439.8779,15962.9770872,39631.315716,560.0,129.2456
2024-07-24,3418.1663,15819.0106005,38726.914254,566.35,129.2842
2024-07-25,3399.2716,15532.339598,38507.776962,552.4,129.3837
2024-07-26,3409.2931,15541.136882400002,38907.00570000001,555.5,129.4672
2024-07-29,3390.742,15745.3273726,38963.781864,558.79,129.5779
2024-07-30,3369.3821,15532.8384014,38796.610415999996,558.68,129.6857
2024-07-31,3442.0844,15841.863855999998,39399.401580000005,563.26,129.7543
2024-08-01,3419.2666,15796.4866368,38847.355764,568.61,129.8547
2024-08-02,3384.3919,15478.537199299999,38161.606656,571.17,129.9484
2024-08-05,3343.3205,15318.5745132,37001.871385,560.7,130.0477
2024-08-06,3342.9789,15241.6386104,37370.845954,554.28,129.9669
2024-08-07,3341.489,15453.7061732,37117.1507,554.7,130.0508
2024-08-08,3342.9369,15495.382413900003,38011.789260000005,555.16,129.9309
2024-08-09,3331.6274,15664.5630134,38183.488784,560.94,129.7709
2024-08-12,3325.8645,15678.207079500004,38189.942062,564.1,129.4155
2024-08-13,3334.3903,15755.9978658,38844.762197000004,567.84,129.5031
2024-08-14,3309.2389,15691.4109176,38958.382215,566.71,129.7191
2024-08-15,3341.953,15676.4206164,39578.036478,565.66,129.6228
2024-08-16,3345.634,15975.438846399999,39692.8922,566.14,129.6264
2024-08-19,3356.9677,16097.9428168,40051.317375,572.26,129.6549
2024-08-20,3332.7034,16040.14928,39921.4584,572.75,129.6907
2024-08-21,3321.635,15921.991385299998,40080.595095000004,574.5,129.6374
2024-08-22,3313.1357,16125.81451,39678.554592,572.89,129.6985
2024-08-23,3327.1905,16119.298404,40207.450038,571.58,129.7014
2024-08-26,3324.2231,16244.3669091,39957.638076,574.89,129.6512
2024-08-27,3305.3338,16330.119765299996,40083.26242,573.99,129.5108
2024-08-28,3286.4956,16149.314511,39825.269088,573.33,129.546
2024-08-29,3277.6812,16260.7873336,39870.115604,574.9,129.5495
2024-08-30,3321.4323,16409.9894354,40173.680159999996,573.44,129.5268
2024-09-02,3265.011,16115.7923927,40118.89068,570.7,129.6812
2024-09-03,3273.4282,16099.570999200001,39317.327016,571.48,129.7435
2024-09-04,3252.1649,15930.695617,39274.19403599999,567.53,129.8303
2024-09-05,3257.7578,15888.442883,39068.157248999996,571.79,129.9308
2024-09-06,3231.3457,15874.836329,38359.218850000005,572.84,129.9533
2024-09-09,3192.9516,15659.035867199998,38838.436845,570.26,130.04
2024-09-10,3195.7552,15723.349670599999,39092.931072,572.72,130.1169
2024-09-11,3186.1299,15619.0546203,39535.40816600001,575.74,130.2033
2024-09-12,3172.4747,15745.992994799997,39849.645264,575.0,130.2561
2024-09-13,3159.247,15817.8565721,39961.62006,582.54,130.3359
2024-09-18,3171.0102,16059.492387400001,39816.608620000006,581.98,130.5264
2024-09-19,3196.0357,16402.783496,40557.130812,583.05,130.5103
2024-09-20,3201.0497,16552.3066335,40285.094220000006,588.3,130.4842
2024-09-23,3212.7639,16520.2035096,40333.646066999994,592.2,130.5108
2024-09-24,3351.909,17204.057052,40422.88943,592.0,130.3785
2024-09-25,3401.533,17253.300454,40171.409652,595.66,130.4555
2024-09-26,3545.3204,18008.233895600002,40420.97609799999,597.15,130.3491
2024-09-27,3703.6849,18592.178175999998,40225.145517,597.16,129.7057
2024-09-30,4017.8545,19058.1412872,40380.002352,595.25,129.3591
2024-10-08,4256.0962,19052.1681518,40665.665117000004,593.4,129.2413
2024-10-09,3955.9839,18731.8036308,40873.267872,588.6,129.2313
2024-10-10,3997.7879,19342.702116800003,40889.22971,590.89,129.514
2024-10-11,3887.167,19347.165032599998,41130.288692999995,597.3,129.6606
2024-10-14,3961.3424,19192.8242704,41442.61715500001,600.82,129.6875
2024-10-15,3855.9949,18535.816177499997,41189.48658,603.26,129.6867
2024-10-16,3831.589,18592.898025000002,41593.128177,609.96,129.6984
2024-10-17,3788.2217,18399.884867,41602.94934000001,612.66,129.7905
2024-10-18,3925.234,19076.5367056,41799.848958,616.83,129.7845
2024-10-21,3935.1974,18709.121056,41552.720836,624.06,129.7299
2024-10-22,3957.7755,18779.498074,41674.00176,625.0,129.6053
2024-10-23,3973.2089,19028.75349,41303.71879,628.68,129.457
2024-10-24,3928.8334,18800.250830999998,41416.167996000004,623.03,129.4521
2024-10-25,3956.421,18839.163644,41289.92508,621.5,129.3781
2024-10-28,3964.1569,18896.410908800004,41525.77406400001,624.65,129.2636
2024-10-29,3924.649,18988.948710599998,41578.803636000004,629.5,129.2865
2024-10-30,3889.4487,18725.120612799998,41503.790129999994,636.75,129.2996
2024-10-31,3891.0396,18625.505930900003,40651.331249999996,634.0,129.34
2024-11-01,3890.0203,18763.38345,40751.8188,627.67,129.4571
2024-11-04,3944.7619,18834.70644,40676.06660699999,623.48,129.5219
2024-11-05,4044.5725,19191.1275132,41066.848416,623.78,129.5674
2024-11-06,4024.2831,18756.4701512,42092.033672,624.69,129.6047
2024-11-07,4145.6952,19312.693478,42802.637290000006,610.01,129.6669
2024-11-08,4104.047,19050.4503014,42827.940882,612.85,129.7136
2024-11-11,4131.1312,18858.754583899998,43081.291110000006,613.3,129.7591
2024-11-12,4085.743,18359.157875200002,43041.04487299999,602.81,129.8424
2024-11-13,4110.8901,18347.1976785,43089.349158,603.09,129.8386
2024-11-14,4039.6191,17977.346817600002,42813.796822000004,591.12,129.8281
2024-11-15,3968.8308,17969.1702366,42263.767503999996,591.97,129.8087
2024-11-18,3950.3806,18083.1104231,42379.253334,598.77,129.6974
2024-11-19,3976.8912,18167.657986399998,42549.594877999996,607.3,129.7018
2024-11-20,3985.7727,18211.764342199996,42564.730785,608.0,129.6942
2024-11-21,3989.2979,18116.325917500002,42791.450514000004,616.42,129.749
2024-11-22,3865.6989,17775.9919683,42944.625828,623.91,129.7905
2024-11-25,3848.0909,17697.0468392,43059.967566,616.51,129.8952
2024-11-26,3840.1847,17704.441944,43301.54133,607.0,129.9643
2024-11-27,3907.0447,18133.8754065,43180.130268,613.8,130.0087
2024-11-28,3872.5505,17894.683700799997,43127.341356000004,611.77,130.1122
2024-11-29,3916.5832,17938.6750155,43358.937726,614.88,130.2394
2024-12-02,3947.632,18053.324294700004,43457.843474999994,613.18,130.5584
2024-12-03,3951.8912,18270.480043199997,43556.716048,616.72,130.5544
2024-12-04,3930.5568,18245.191833599998,43782.557166,615.86,130.7242
2024-12-05,3921.5881,18064.066339999998,43667.283168999995,616.0,130.7776
2024-12-06,3973.1405,18340.15272,43757.371896000004,614.09,130.772
2024-12-09,3966.5708,18857.1073557,43501.83295,617.26,130.8608
2024-12-10,3995.6369,18789.558902399996,43388.588936,619.63,131.3001
2024-12-11,3988.8308,18621.653796,43710.646216999994,624.79,131.3421
2024-12-12,4028.5048,18850.137727999998,43480.65175,628.83,131.4392
2024-12-13,3933.1808,18461.813680799998,43492.814484,622.43,131.7447
2024-12-16,3911.8416,18299.742775600003,43661.701856,618.34,132.0214
2024-12-17,3922.0334,18219.003904,43498.440351,618.21,131.938
2024-12-18,3941.89,18378.284369,42209.08608,616.5,131.7844
2024-12-19,3945.4635,18276.207402599997,42190.758988,614.53,131.7049
2024-12-20,3927.7441,18250.521815,42643.404585000004,611.83,131.9772
2024-12-23,3933.5718,18385.532648400003,42935.64109,618.4,132.0654
2024-12-24,3983.6882,18592.1241474,43413.391504,616.34,131.9277
2024-12-25,3985.6291,18597.3497028,43408.559472,616.8,131.8235
2024-12-26,3987.4801,18605.3890188,43408.460823,618.07,131.8413
2024-12-27,3981.0307,18596.533394399998,42926.160012,618.55,132.0693
2024-12-30,3999.0549,18555.148292799997,42464.400966,616.5,132.0426
2024-12-31,3934.9109,18576.316098,42279.50909200001,614.8,132.2479
2025-01-02,3820.3952,18149.4124348,42182.550545,621.99,132.6661
2025-01-03,3775.1648,18263.8247529,42713.285866,626.87,132.8309
2025-01-06,3768.9697,18193.161257400003,42948.641288,624.32,132.8564
2025-01-07,3796.1055,17979.8711374,42473.516737,625.0,132.7391
2025-01-08,3789.2153,17824.790475200003,42544.523775,628.35,132.6764
2025-01-09,3779.8773,17779.3519956,42543.93195,630.37,132.4876
2025-01-10,3732.4806,17613.3068881,41891.173264,633.82,132.4982
2025-01-13,3722.513,17422.341151200002,41953.66747,636.9,132.377
2025-01-14,3820.5395,17748.6980388,41997.66849799999,632.44,132.4617
2025-01-15,3796.026,17803.7426598,42769.738053,634.5,132.5393
2025-01-16,3800.3836,18024.703421399998,42678.193653999995,637.04,132.4744
2025-01-17,3812.3429,18076.870742400002,43109.389074,637.63,132.4103
2025-01-20,3829.6764,18399.492954,43107.590076,637.5,132.3238
2025-01-21,3832.6145,18523.9634495,43374.865572,639.0,132.3998
2025-01-22,3797.0166,18211.5002652,43636.838352,643.48,132.4336
2025-01-23,3803.7439,18143.624743200002,43876.045668000006,644.02,132.3674
2025-01-24,3832.8637,18469.7239236,43748.941419999996,645.51,132.3054
2025-01-27,3817.0802,18593.0571735,43106.845144,643.1,132.5112
2025-02-05,3795.0848,18965.594501099997,43456.568563999994,667.87,132.616
2025-02-06,3842.8314,19231.5718748,43613.721687,667.38,132.7551
2025-02-07,3892.7028,19460.6089736,43205.745701,668.99,132.7764
2025-02-10,3901.0618,19811.8434692,43500.621307999994,679.65,132.6524
2025-02-11,3883.1352,19607.242345000002,43520.8546,683.52,132.6569
2025-02-12,3919.8617,20113.8765632,43398.67687,680.21,132.6585
2025-02-13,3905.1398,20088.853333,43856.670533000004,683.86,132.6383
2025-02-14,3939.0085,20831.2881003,43845.565877999994,686.58,132.5075
2025-02-17,3947.3983,20831.809453,43843.120026,676.28,132.289
2025-02-18,3912.7829,21169.6838935,43947.249726,682.85,132.1491
2025-02-19,3940.1602,21156.654261600004,44056.627575,686.9,132.1713
2025-02-20,3928.8959,20818.233257999997,43869.959424,689.18,132.0275
2025-02-21,3978.444,21648.990031999998,43111.736848,683.47,131.7954
2025-02-24,3969.7169,21545.7065266,42910.074024999994,685.58,131.4374
2025-02-25,3925.6505,21247.731749,42714.626150000004,685.17,131.3891
2025-02-26,3959.9413,21955.7836314,42724.009592,679.3,131.4012
2025-02-27,3968.1159,21892.4560358,42050.903179999994,676.52,131.2289
2025-02-28,3890.0487,21165.661832,42716.3921,670.78,131.2568
2025-03-03,3888.4738,21223.7442004,41968.81614,671.78,131.345
2025-03-04,3885.2208,21162.4063188,41451.870285,679.97,131.3584
2025-03-05,3902.5706,21765.422782899997,41899.836782,681.57,131.3808
2025-03-06,3956.2369,22481.5448692,41140.597584,679.7,131.2182
2025-03-07,3944.0143,22354.828128,41375.219099999995,679.48,130.8602
2025-03-10,3928.8018,21953.350444500004,40274.92324800001,681.99,130.7484
2025-03-11,3941.4157,21965.184503999997,39974.58738699999,676.71,130.3606
2025-03-12,3927.2315,21775.5340308,40144.74128,679.43,130.4885
2025-03-13,3911.5793,21661.4223595,39604.758656,683.77,130.5094
2025-03-14,4006.5567,22115.7803394,40452.627772,692.67,130.5135
2025-03-17,3996.7876,22272.3566794,40683.800256,695.4,130.1302
2025-03-18,4007.7229,22841.236441099998,40275.640578,700.8,130.1457
2025-03-19,4010.168,22858.3125692,40690.126713000005,707.7,130.1758
2025-03-20,3974.9918,22367.8504235,40633.500906,709.09,130.4392
2025-03-21,3914.6956,21872.2446816,40670.410560000004,706.55,130.4535
2025-03-24,3934.8486,22076.0674932,41399.617459999994,705.92,130.4262
2025-03-25,3932.2951,21556.547335,41469.41501999999,704.56,130.5578
2025-03-26,3919.3566,21671.8166952,40987.319879999995,707.79,130.6329
2025-03-27,3932.4117,21761.817671999997,40856.90055300001,709.29,130.6591
2025-03-28,3915.1662,21616.426617999998,40044.360688,721.03,130.6448
2025-03-31,3887.3056,21335.442011400002,40282.98167,730.8,130.6766
2025-04-01,3887.6841,21409.9343788,40431.359925,735.84,130.7217
2025-04-02,3884.3858,21408.2783551,40713.594920999996,732.5,130.9025
2025-04-03,3861.5034,21102.4850293,38795.042628,738.94,131.4507
2025-04-07,3589.4406,18363.385196,36438.0755,713.98,132.0177
2025-04-08,3650.759,18658.560636799997,35894.87852600001,717.5,131.7734
2025-04-09,3686.7943,18803.622915900003,39325.69553999999,728.88,131.804
2025-04-10,3735.1151,19214.6145268,37978.42606,741.26,131.7522
2025-04-11,3750.5167,19434.3482418,38662.853232,757.1,131.7819
2025-04-14,3759.1422,19907.4733,38982.44967,762.47,131.7377
2025-04-15,3761.2348,19952.4686396,38907.543648,762.9,131.7242
2025-04-16,3772.8204,19582.3596906,38055.20681,781.62,131.7859
2025-04-17,3772.2221,19873.5176432,38080.34295,786.0,131.7207
2025-04-18,3772.523,19861.3224134,38071.89063,788.62,131.7026
2025-04-21,3784.8806,19864.9595872,37167.4101,804.11,131.6411
2025-04-22,3783.9522,20025.1422072,38111.001424,825.8,131.6755
2025-04-23,3786.8824,20516.50029,38768.551975999995,786.99,131.5967
2025-04-24,3784.3574,20357.453504,39544.094746,792.47,131.601
2025-04-25,3786.9937,20416.3707342,39817.978386,785.6,131.6186
2025-04-28,3781.6188,20406.8972892,39830.773625,778.4,131.697
2025-04-29,3775.0767,20435.1903783,40054.102407,780.05,131.8468
2025-04-30,3770.5705,20529.6880033,40105.028684,780.19,131.9156
2025-05-06,3808.5424,21054.3374713,40374.237528,792.2,131.9718
2025-05-07,3831.627,21078.7142508,40548.03164,798.51,131.9164
2025-05-08,3852.8963,21151.996904,40821.714761999996,786.5,132.0201
2025-05-09,3846.1566,21213.0303336,40805.121145,785.5,132.0705
2025-05-12,3890.6096,21815.984249399997,42116.739654,759.0,131.8036
2025-05-13,3896.2583,21346.0333298,42377.862105,763.9,131.8493
2025-05-14,3943.2108,21817.010259000002,42400.648647999995,758.38,131.8286
2025-05-15,3907.1992,21625.924304400003,42580.003359,735.86,131.7988
2025-05-16,3889.0854,21511.529773000002,42863.394044,746.4,131.7415
2025-05-19,3877.1453,21462.602491999998,42887.82576,754.5,131.7969
2025-05-20,3898.1705,21772.9895268,42730.322825999996,753.49,131.8121
2025-05-21,3916.3807,21895.1087642,42044.370957,773.82,131.7784
2025-05-22,3913.8651,21627.332279800004,42005.804503,778.36,131.7808
2025-05-23,3882.2741,21680.117435999997,41733.301158,776.4,131.7618
2025-05-26,3860.1067,21347.335553700002,41683.396905999994,773.94,131.7578
2025-05-27,3839.3969,21446.6626877,42561.660904,768.75,131.7197
2025-05-28,3836.2366,21332.521932000003,42335.141370000005,769.67,131.6825
2025-05-29,3858.6998,21631.4049556,42512.640819,763.02,131.5485
2025-05-30,3840.2323,21343.2110234,42474.310311999994,768.79,131.6621
2025-06-03,3852.0127,21541.437963300003,42908.452153000006,778.5,131.6673
2025-06-04,3868.7429,21675.3703905,42921.764766,779.46,131.6797
2025-06-05,3877.5557,21899.979868500002,42682.77945,781.25,131.7064
2025-06-06,3873.9841,21787.3047288,43109.58642,779.88,131.7778
2025-06-09,3885.2459,22141.9681938,43155.250739999996,772.3,131.831
2025-06-10,3865.4652,22117.9663119,43382.81104,772.68,131.854
2025-06-11,3894.6252,22296.2374388,43248.71655999999,774.69,131.9373
2025-06-12,3892.1992,21987.8059778,43406.780378,780.54,131.9639
2025-06-13,3864.1822,21848.312566400004,42897.909084,792.07,131.9696
2025-06-16,3873.7951,22005.459624299998,43311.093379,788.2,131.9751
2025-06-17,3870.3786,21918.473806,42923.622912000006,783.19,132.0362
2025-06-18,3874.9708,21675.6014773,42919.321207,781.85,132.0752
2025-06-19,3843.0912,21234.182057200003,42900.182423,777.41,132.1643
2025-06-20,3846.6443,21491.0932984,42786.42888,777.4,132.2212
2025-06-23,3857.9016,21640.4940376,43206.49407,777.98,132.2409
2025-06-24,3904.0342,22069.5548081,43654.125008,768.87,132.1601
2025-06-25,3960.0662,22344.8842166,43661.292288,771.49,132.0822
2025-06-26,3946.0195,22197.900516,43981.98524000001,773.64,132.0774
2025-06-27,3921.7578,22159.286875,44215.848488999996,763.3,132.107
2025-06-30,3936.0791,21952.715745999998,44418.75507,764.43,132.0666
2025-07-01,3942.762,21936.1058728,44336.844734000006,772.88,132.124
2025-07-02,3943.6849,22076.8463586,44554.699132,770.7,132.2409
2025-07-03,3968.0676,21931.0851316,44911.79500500001,776.14,132.2636
2025-07-04,3982.2034,21799.488690000002,44919.330225000005,771.9,132.2929
2025-07-07,3965.1746,21759.9021036,44548.094988,767.75,132.3091
2025-07-08,3998.4527,22005.6532296,44533.634768,771.48,132.2641
2025-07-09,3991.4006,21774.5047552,44807.988366,763.38,132.2598
2025-07-10,4010.0243,21888.8839352,44911.56946,769.73,132.178
2025-07-11,4014.807,21980.0440678,44741.563125,769.66,132.1399
2025-07-14,4017.6678,22042.4475904,44814.562296000004,777.4,132.0708
2025-07-15,4019.0644,22396.9271972,44641.635248,776.02,132.1737
2025-07-16,4007.2019,22340.828089599996,44801.74062,772.4,132.1861
2025-07-17,4034.491,22302.6191325,45001.564296000004,770.91,132.1985
2025-07-18,4058.5486,22614.190207199998,45020.789142,773.5,132.1758
2025-07-21,4085.6072,22775.910075,45098.91232,777.34,132.0624
2025-07-22,4118.9582,22876.8715102,45088.544519999996,780.35,131.9796
2025-07-23,4119.7685,23233.259182499998,45411.519874,788.5,131.8574
2025-07-24,4149.0368,23341.9901638,45424.773975000004,775.34,131.6295
2025-07-25,4127.1634,23099.0824805,45627.028016000004,774.21,131.5933
2025-07-28,4135.8242,23274.574986300002,45665.769259,771.8,131.7015
2025-07-29,4152.0247,23253.284439000003,45558.656946,767.69,131.4734
2025-07-30,4151.2379,22913.523993000003,45457.193889999995,769.68,131.5649
2025-07-31,4075.5912,22563.301230700003,45322.834866000005,767.36,131.7278
2025-08-01,4054.9286,22321.4682699,44599.276296000004,767.29,131.7412
2025-08-04,4070.7023,22495.567444,45192.60663,776.01,131.7718
2025-08-05,4103.45,22640.384174799998,44954.799353999995,779.85,131.7647
2025-08-06,4113.4852,22660.701898400002,45309.438954000005,779.14,131.7842
2025-08-07,4114.666,22797.9475885,45232.73,782.08,131.816
2025-08-08,4104.9669,22605.8651434,45609.17199,783.18,131.8118
2025-08-11,4122.5106,22656.2306484,45509.619725,775.54,131.6485
2025-08-12,4143.8252,22717.414864000002,46034.328768,773.47,131.5053
2025-08-13,4176.5776,23282.0576199,46139.048299999995,774.96,131.4846
2025-08-14,4173.3131,23193.7443684,46144.623798,775.05,131.4141
2025-08-15,4202.3533,23009.4095378,46032.867580000006,773.55,131.3102
2025-08-18,4239.4125,22938.124497999997,45996.627629999995,774.46,130.9151
2025-08-19,4223.3741,22923.892563,45750.895183,773.05,130.9267
2025-08-20,4271.3958,23021.0469338,45655.635952000004,770.24,130.8707
2025-08-21,4288.0707,22908.9608094,45411.030879000005,772.0,130.8793
2025-08-22,4377.9977,23130.833948999996,46122.648811,771.87,130.8512
2025-08-25,4469.2217,23522.2658406,45822.845052,775.85,130.8983
2025-08-26,4452.5905,23269.538068799997,46029.733672,777.1,130.9731
2025-08-27,4386.1266,23008.9548624,46087.939119999995,778.07,130.9952
2025-08-28,4463.782,22815.6730494,46204.167718,779.85,130.8667
2025-08-29,4496.7591,22860.0060634,45887.22678,781.71,130.8821
2025-09-01,4523.7111,23356.4265108,45914.35987200001,794.66,130.9141
2025-09-02,4490.4528,23248.5191865,45607.432306,799.95,130.9461
2025-09-03,4459.8296,23084.3166498,45852.287208,809.0,131.0513
2025-09-04,4365.2085,22832.061386499998,46198.578816,809.19,131.0995
2025-09-05,4460.3249,23156.542319399996,46060.1316,811.5,130.9636
2025-09-08,4467.5733,23350.9539754,46134.400935,821.2,130.815
2025-09-09,4436.2584,23635.0834373,46244.741088,832.0,130.7104
2025-09-10,4445.3649,23901.4491876,46417.982648000005,829.75,130.5134
2025-09-11,4548.0345,23787.8543448,46793.434398000005,826.52,130.4768
2025-09-12,4521.998,24064.1547488,46760.969151000005,830.41,130.5212
2025-09-15,4533.0557,24153.9077136,47005.53356799999,828.21,130.5213
2025-09-16,4523.3367,24138.359629999995,46925.834252,838.73,130.545
2025-09-17,4551.023,24561.4402242,46871.065455,831.85,130.6247
2025-09-18,4498.109,24267.036421499997,47143.28766,824.59,130.5756
2025-09-19,4501.9195,24277.352106999995,47402.259807999995,826.71,130.4546
2025-09-22,4522.608,24104.624658599998,47596.57875,839.5,130.4549
2025-09-23,4519.7781,23922.776831199997,47302.076444000006,850.65,130.3309
2025-09-24,4566.0708,24245.736508500002,47180.699369,856.63,130.1466
2025-09-25,4593.4875,24216.002311199998,46971.447696,851.74,130.058
2025-09-26,4550.0487,23889.013260000003,47271.254239999995,853.0,130.0656
2025-09-29,4620.0528,24324.7929984,47353.875769,862.9,130.0267
2025-09-30,4640.6935,24518.5891688,47524.85253,871.86,130.0904
2025-10-09,4709.482,24445.7141643,47887.979122,911.5,130.2151
2025-10-10,4616.8341,24002.010547200003,46554.273048,897.63,130.1927
2025-10-13,4593.9785,23624.4093948,47253.17030400001,926.73,130.3098
2025-10-14,4539.0644,23229.2246175,47188.55405100001,940.72,130.2809
2025-10-15,4606.2879,23665.705615999996,47361.19047000001,959.04,130.2455
2025-10-16,4618.4218,23634.9152045,47045.18397599999,968.14,130.3032
2025-10-17,4514.2345,23055.399249000002,47280.484549,997.17,130.4403
2025-10-20,4538.2201,23625.1442646,47801.238149000004,974.3,130.3582
2025-10-21,4607.8715,23762.112048000003,47773.837550000004,987.12,130.3868
2025-10-22,4592.57,23539.5294631,47534.922759999994,948.8,130.4058
2025-10-23,4606.3447,23696.0414298,47787.66879199999,941.21,130.3869
2025-10-24,4660.6835,23875.322499,48172.098831999996,935.6,130.334
2025-10-27,4716.0186,24119.693902,48731.821595999994,930.79,130.3283
2025-10-28,4691.973,24035.056599199997,48826.090184,896.6,130.5109
2025-10-29,4747.8378,24027.67968,48815.006737,912.94,130.5337
2025-10-30,4709.911,23968.499145499998,48345.830176,906.89,130.5841
2025-10-31,4640.6676,23633.859595500002,48483.33759999999,921.5,130.7027
2025-11-03,4653.4028,23849.884729999998,48557.855799,920.0,130.7284
2025-11-04,4618.699,23663.657844,48000.132175,916.49,130.726
2025-11-05,4627.257,23652.315857700003,48186.375729,910.0,130.7656
2025-11-06,4693.4032,24142.162709,47623.547679999996,918.0,130.699
2025-11-07,4678.7944,23909.718567900003,47664.127680000005,918.03,130.6684
2025-11-10,4695.0507,24280.758037800002,48411.866008,934.81,130.6789
2025-11-11,4652.1655,24336.447356,48519.18642599999,946.79,130.6976
2025-11-12,4645.9079,24537.1068947,48527.121636,944.84,130.7415
2025-11-13,4702.0738,24689.249708499996,47745.222884999996,959.14,130.7198
2025-11-14,4628.1398,24217.874319399998,47694.33407499999,948.03,130.7191
2025-11-17,4598.0525,24040.5644076,47251.338656,931.42,130.7311
2025-11-18,4568.1928,23633.925843499997,46887.682592,916.96,130.7473
2025-11-19,4588.2922,23511.832549500003,47074.316352,935.33,130.717
2025-11-20,4564.9483,23526.903464799998,46363.07778,929.95,130.7176
2025-11-21,4453.6076,22957.784206,46798.691625,924.44,130.6858
2025-11-24,4448.0478,23409.72995,47503.763664000006,926.0,130.6751
2025-11-25,4490.4047,23569.219409999998,47920.021688,941.54,130.5907
2025-11-26,4517.6255,23609.8503672,48230.553756,941.16,130.4423
2025-11-27,4515.4027,23610.2773814,48218.97231899999,943.98,130.3549
2025-11-28,4526.6616,23529.004010999997,48484.023201,948.15,130.3626
2025-12-01,4576.4856,23658.245690199998,48205.488617,958.46,130.3589
2025-12-02,4554.3347,23715.181439999997,48347.841978000004,954.89,130.2888
2025-12-03,4531.0486,23415.730748100003,48464.508888,950.06,130.1998
2025-12-04,4546.5664,23573.398869000004,48502.466896000005,949.32,130.0069
2025-12-05,4584.5368,23712.902824800003,48607.39296,956.5,130.0288
2025-12-08,4621.7545,23425.6076584,48448.643363999996,954.1,130.0065
2025-12-09,4598.2232,23140.316796299998,48412.341423000005,947.13,130.0728
2025-12-10,4591.8273,23223.7204384,48725.327004,950.91,130.112
2025-12-11,4552.1848,23197.5319962,48780.4086,952.39,130.2051
2025-12-12,4580.95,23581.470194100002,48227.45875799999,964.25,130.1627
2025-12-15,4552.0596,23264.872108800002,48162.733056,976.82,130.0386
2025-12-16,4497.5545,22896.844555300002,48011.195652,964.89,130.0241
2025-12-17,4579.875,23105.0225282,47435.14793900001,972.71,130.1188
2025-12-18,4552.7926,23135.983236800002,47818.288508000005,975.55,130.1437
2025-12-19,4568.1781,23294.888077499996,48217.3975,975.51,130.1965
2025-12-22,4611.6235,23401.9473723,48542.879627999995,992.79,130.1707
2025-12-23,4620.7341,23370.1859622,48729.912016999995,1006.87,130.2445
2025-12-24,4634.0586,23397.8889339,48850.849555,1007.69,130.2806
2025-12-25,4642.5357,23372.8445718,48796.086359999994,1002.98,130.2883
2025-12-26,4657.24,23362.516999800002,48757.671852,1007.0,130.3313
2025-12-29,4639.3721,23198.3450362,48568.75999399999,1004.0,130.1707
2025-12-30,4651.2818,23384.710062,48513.669152,981.91,130.1537
2025-12-31,4629.9395,23150.0163388,48115.650400000006,974.9,130.1457
2026-01-05,4717.7457,23749.665608400002,48473.09715,993.57,130.0914
2026-01-06,4790.6938,24082.408824500002,48733.885386,1003.01,129.9796
2026-01-07,4776.6658,23847.716224500004,48575.931391,999.68,129.8973
2026-01-08,4737.6536,23572.556992600003,48586.572762,996.21,129.9356
2026-01-09,4758.9221,23601.528416700003,48853.128383999996,1003.49,129.9751
2026-01-12,4789.9155,23936.7225232,48916.244516000006,1023.71,130.0335
2026-01-13,4761.0324,24140.533315800003,48817.906522,1025.02,130.0776
2026-01-14,4741.9306,24268.5092204,48569.319200000005,1038.0,130.0902
2026-01-15,4751.4293,24198.949655999997,48655.734608000006,1034.27,130.1225
2026-01-16,4731.8728,24127.444699199998,48634.202078,1032.63,130.1553
2026-01-19,4734.4556,23861.820092,48615.464051,1045.72,130.1716
2026-01-20,4718.8782,23779.1621025,47582.098115999994,1056.43,130.2482
2026-01-21,4723.0692,23867.8010174,48138.965868,1087.81,130.3519
2026-01-22,4723.7091,23919.030071999998,48406.585365000006,1083.69,130.3745
2026-01-23,4702.4966,23987.8905876,48360.16916899999,1110.3,130.4362
2026-01-26,4706.964,23980.299988799998,48542.491388999995,1144.45,130.4436
2026-01-27,4705.6918,24303.577043999998,48751.10388,1144.14,130.4061
